{"logs":[{"code":"LP3005","errorType":0},{"code":"LP3005","errorType":0},{"code":"LP3006","errorType":1},{"code":"LP3006","errorType":1},{"code":"LP3007","errorType":3},{"code":"LP3011","errorType":3},{"code":"LP1016","errorType":2},{"code":"LP1022","errorType":2},{"code":"LP1023","errorType":1},{"code":"LP1027","errorType":0},{"code":"LP1026","errorType":0},{"code":"LP1015","errorType":0},{"code":"LP1032","errorType":0},{"code":"LP1010","errorType":2},{"code":"LP1008","errorType":3},{"code":"LP1000","errorType":2}]}