{"materials":[{"id":1024,"path":"Resources/unity_builtin_extra\\Default-Particle","assetBundleId":-2,"data":["Default-Particle",23,166,3000,0,[["_InvFade",1]],[],[["_MainTex_ST",1,1,0,0]],[["_MainTex",24,1022]],[]]},{"id":1028,"path":"Resources/unity_builtin_extra\\Default-Material","assetBundleId":-2,"data":["Default-Material",23,62,2000,0,[["_Cutoff",0.5],["_Glossiness",0.5],["_GlossMapScale",1],["_SmoothnessTextureChannel",0],["_Metallic",0],["_SpecularHighlights",1],["_GlossyReflections",1],["_BumpScale",1],["_Parallax",0.0199999995529652],["_OcclusionStrength",1],["_DetailNormalMapScale",1],["_UVSec",0],["_Mode",0],["_SrcBlend",1],["_DstBlend",0],["_ZWrite",1]],[["_Color",1,1,1,1],["_EmissionColor",0,0,0,0.999999940395355]],[["_MainTex_ST",1,1,0,0],["_MetallicGlossMap_ST",1,1,0,0],["_BumpMap_ST",1,1,0,0],["_ParallaxMap_ST",1,1,0,0],["_OcclusionMap_ST",1,1,0,0],["_EmissionMap_ST",1,1,0,0],["_DetailMask_ST",1,1,0,0],["_DetailAlbedoMap_ST",1,1,0,0],["_DetailNormalMap_ST",1,1,0,0]],[["_MainTex",null,null],["_MetallicGlossMap",null,null],["_BumpMap",null,null],["_ParallaxMap",null,null],["_OcclusionMap",null,null],["_EmissionMap",null,null],["_DetailMask",null,null],["_DetailAlbedoMap",null,null],["_DetailNormalMap",null,null]],[["_EMISSION",1]]]},{"id":820,"path":"Resources/unity_builtin_extra\\Sprites-Default","assetBundleId":-2,"data":["Sprites-Default",23,26,3000,0,[["PixelSnap",0],["_EnableExternalAlpha",0]],[["_Color",1,1,1,1],["_RendererColor",1,1,1,1]],[["_MainTex_ST",1,1,0,0],["_Flip",1,1,1,1],["_AlphaTex_ST",1,1,0,0]],[["_MainTex",null,null],["_AlphaTex",null,null]],[]]}],"shaders":[{"id":158,"assetBundleId":-2,"data":[[],"Legacy Shaders/Particles/Additive (Soft)",null,["FOG_EXP","FOG_EXP2","FOG_LINEAR","SOFTPARTICLES_ON","STEREO_CUBEMAP_RENDER_ON","STEREO_INSTANCING_ON","STEREO_MULTIVIEW_ON","UNITY_SINGLE_PASS_STEREO","__"],[[0,0,"",0,"",0,[4,null],[0,null],[0,null],[[1,null],[6,null],[0,null]],[[1,null],[6,null],[0,null]],[14,null],[0,null],[0,null],[0,null],[255,null],[255,null],[[0,null],[0,null],[0,null],[8,null]],[[0,null],[0,null],[0,null],[8,null]],[[0,null],[0,null],[0,null],[8,null]],[["IGNOREPROJECTOR","true"],["PreviewType","Plane"],["QUEUE","Transparent"],["RenderType","Transparent"]],["FOG_EXP","FOG_EXP2","FOG_LINEAR","SOFTPARTICLES_ON","STEREO_CUBEMAP_RENDER_ON","STEREO_INSTANCING_ON","STEREO_MULTIVIEW_ON","UNITY_SINGLE_PASS_STEREO","__"],[],[[0,0,[],0,1,0,0],[0,0,[],2,3,1,0]],[],0]],[],[["_MainTex",4,0,0,0,0,"white",0],["_InvFade",3,1,0.00999999977648258,3,0,"",0]],null,null,0,0,0]},{"id":144,"assetBundleId":-2,"data":[[],"Skybox/Cubemap",null,["STEREO_CUBEMAP_RENDER_ON","STEREO_INSTANCING_ON","STEREO_MULTIVIEW_ON","UNITY_SINGLE_PASS_STEREO"],[[0,0,"",0,"",0,[4,null],[0,null],[0,null],[[1,null],[0,null],[0,null]],[[1,null],[0,null],[0,null]],[15,null],[0,null],[0,null],[0,null],[255,null],[255,null],[[0,null],[0,null],[0,null],[8,null]],[[0,null],[0,null],[0,null],[8,null]],[[0,null],[0,null],[0,null],[8,null]],[["PreviewType","Skybox"],["QUEUE","Background"],["RenderType","Background"]],["STEREO_CUBEMAP_RENDER_ON","STEREO_INSTANCING_ON","STEREO_MULTIVIEW_ON","UNITY_SINGLE_PASS_STEREO"],[],[],[],0]],[],[["_Tint",0,0.5,0.5,0.5,0.5,"",0],["_Exposure",3,1,0,8,0,"",32],["_Rotation",3,0,0,360,0,"",0],["_Tex",4,0,0,0,0,"grey",4]],null,null,0,0,0]},{"id":46,"assetBundleId":-2,"data":[[],"Hidden/BlitCopy",null,["STEREO_CUBEMAP_RENDER_ON","STEREO_INSTANCING_ON","STEREO_MULTIVIEW_ON","UNITY_SINGLE_PASS_STEREO"],[[0,0,"",0,"",0,[8,null],[0,null],[0,null],[[1,null],[0,null],[0,null]],[[1,null],[0,null],[0,null]],[15,null],[0,null],[0,null],[0,null],[255,null],[255,null],[[0,null],[0,null],[0,null],[8,null]],[[0,null],[0,null],[0,null],[8,null]],[[0,null],[0,null],[0,null],[8,null]],[],["STEREO_CUBEMAP_RENDER_ON","STEREO_INSTANCING_ON","STEREO_MULTIVIEW_ON","UNITY_SINGLE_PASS_STEREO"],[],[],[],0]],[],[["_MainTex",4,0,0,0,0,"",0],["_Color",0,1,1,1,1,"",0]],null,null,0,0,0]},{"id":166,"assetBundleId":-2,"data":[[],"Legacy Shaders/Particles/Alpha Blended Premultiply",null,["SOFTPARTICLES_ON","STEREO_CUBEMAP_RENDER_ON","STEREO_INSTANCING_ON","STEREO_MULTIVIEW_ON","UNITY_SINGLE_PASS_STEREO","__"],[[0,0,"",0,"",0,[4,null],[0,null],[0,null],[[1,null],[10,null],[0,null]],[[1,null],[10,null],[0,null]],[14,null],[0,null],[0,null],[0,null],[255,null],[255,null],[[0,null],[0,null],[0,null],[8,null]],[[0,null],[0,null],[0,null],[8,null]],[[0,null],[0,null],[0,null],[8,null]],[["IGNOREPROJECTOR","true"],["PreviewType","Plane"],["QUEUE","Transparent"],["RenderType","Transparent"]],["SOFTPARTICLES_ON","STEREO_CUBEMAP_RENDER_ON","STEREO_INSTANCING_ON","STEREO_MULTIVIEW_ON","UNITY_SINGLE_PASS_STEREO","__"],[],[],[],0]],[],[["_MainTex",4,0,0,0,0,"white",0],["_InvFade",3,1,0.00999999977648258,3,0,"",0]],null,null,0,0,0]},{"id":28,"assetBundleId":-2,"data":[[],"UI/Default",null,["UNITY_UI_ALPHACLIP","UNITY_UI_CLIP_RECT","STEREO_CUBEMAP_RENDER_ON","STEREO_INSTANCING_ON","STEREO_MULTIVIEW_ON","UNITY_SINGLE_PASS_STEREO","_"],[[0,0,"Default",0,"",0,[0,"unity_GUIZTestMode"],[0,null],[0,null],[[1,null],[10,null],[0,null]],[[1,null],[10,null],[0,null]],[0,"_ColorMask"],[0,null],[0,null],[0,"_Stencil"],[0,"_StencilReadMask"],[0,"_StencilWriteMask"],[[0,"_StencilOp"],[0,null],[0,null],[0,"_StencilComp"]],[[0,null],[0,null],[0,null],[8,null]],[[0,null],[0,null],[0,null],[8,null]],[["CanUseSpriteAtlas","true"],["IGNOREPROJECTOR","true"],["PreviewType","Plane"],["QUEUE","Transparent"],["RenderType","Transparent"]],["STEREO_CUBEMAP_RENDER_ON","STEREO_INSTANCING_ON","STEREO_MULTIVIEW_ON","UNITY_SINGLE_PASS_STEREO","UNITY_UI_ALPHACLIP","UNITY_UI_CLIP_RECT","_"],[],[[0,0,[],4,5,0,0],[0,0,[],6,7,1,0]],[],0]],[],[["_MainTex",4,0,0,0,0,"white",2],["_Color",0,1,1,1,1,"",0],["_StencilComp",2,8,0,0,0,"",0],["_Stencil",2,0,0,0,0,"",0],["_StencilOp",2,0,0,0,0,"",0],["_StencilWriteMask",2,255,0,0,0,"",0],["_StencilReadMask",2,255,0,0,0,"",0],["_ColorMask",2,15,0,0,0,"",0],["_UseUIAlphaClip",2,0,0,0,0,"",0]],null,null,0,0,0]},{"id":174,"assetBundleId":-2,"data":[[],"Particles/Standard Unlit",null,["SHADOWS_DEPTH","_ALPHABLEND_ON","_ALPHAMODULATE_ON","_ALPHAPREMULTIPLY_ON","_ALPHATEST_ON","_REQUIRE_UV2","FOG_EXP","FOG_EXP2","FOG_LINEAR","_COLORADDSUBDIFF_ON","_COLORCOLOR_ON","_COLOROVERLAY_ON","_EMISSION","_FADING_ON","_NORMALMAP","INSTANCING_ON","PROCEDURAL_INSTANCING_ON","SHADOWS_CUBE","STEREO_CUBEMAP_RENDER_ON","STEREO_INSTANCING_ON","STEREO_MULTIVIEW_ON","UNITY_SINGLE_PASS_STEREO","__","_","EFFECT_BUMP","SOFTPARTICLES_ON"],[[0,0,"",0,"_GrabTexture",0,[0,null],[0,null],[0,null],[[1,null],[0,null],[0,null]],[[1,null],[0,null],[0,null]],[15,null],[0,null],[0,null],[0,null],[0,null],[0,null],[[0,null],[0,null],[0,null],[0,null]],[[0,null],[0,null],[0,null],[0,null]],[[0,null],[0,null],[0,null],[0,null]],[["LIGHTMODE","GRABPASS"]],[],[],[],[],0],[1,0,"ShadowCaster",8,"",0,[4,null],[1,null],[0,null],[[1,null],[0,null],[0,null]],[[1,null],[0,null],[0,null]],[14,null],[0,null],[0,null],[0,null],[255,null],[255,null],[[0,null],[0,null],[0,null],[8,null]],[[0,null],[0,null],[0,null],[8,null]],[[0,null],[0,null],[0,null],[8,null]],[["IGNOREPROJECTOR","true"],["LIGHTMODE","SHADOWCASTER"],["PerformanceChecks","False"],["PreviewType","Plane"],["RenderType","Opaque"],["SHADOWSUPPORT","true"]],["INSTANCING_ON","PROCEDURAL_INSTANCING_ON","SHADOWS_CUBE","SHADOWS_DEPTH","STEREO_CUBEMAP_RENDER_ON","STEREO_INSTANCING_ON","STEREO_MULTIVIEW_ON","UNITY_SINGLE_PASS_STEREO","_ALPHABLEND_ON","_ALPHAMODULATE_ON","_ALPHAPREMULTIPLY_ON","_ALPHATEST_ON","_REQUIRE_UV2","__","_"],[],[],[],0],[4,0,"",0,"",0,[4,null],[0,"_ZWrite"],[0,"_Cull"],[[0,"_SrcBlend"],[0,"_DstBlend"],[0,"_BlendOp"]],[[0,"_SrcBlend"],[0,"_DstBlend"],[0,"_BlendOp"]],[14,null],[0,null],[0,null],[0,null],[255,null],[255,null],[[0,null],[0,null],[0,null],[8,null]],[[0,null],[0,null],[0,null],[8,null]],[[0,null],[0,null],[0,null],[8,null]],[["IGNOREPROJECTOR","true"],["PerformanceChecks","False"],["PreviewType","Plane"],["RenderType","Opaque"]],["EFFECT_BUMP","FOG_EXP","FOG_EXP2","FOG_LINEAR","INSTANCING_ON","PROCEDURAL_INSTANCING_ON","SOFTPARTICLES_ON","STEREO_CUBEMAP_RENDER_ON","STEREO_INSTANCING_ON","STEREO_MULTIVIEW_ON","UNITY_SINGLE_PASS_STEREO","_ALPHABLEND_ON","_ALPHAMODULATE_ON","_ALPHAPREMULTIPLY_ON","_ALPHATEST_ON","_COLORADDSUBDIFF_ON","_COLORCOLOR_ON","_COLOROVERLAY_ON","_EMISSION","_FADING_ON","_NORMALMAP","_REQUIRE_UV2","__","_"],[],[[4,0,["_ALPHABLEND_ON","_FADING_ON"],8,9,0,0],[4,0,["_ALPHABLEND_ON","_FADING_ON"],10,11,1,0]],[],0]],[],[["_MainTex",4,0,0,0,0,"white",0],["_Color",0,1,1,1,1,"",0],["_Cutoff",3,0.5,0,1,0,"",0],["_BumpScale",2,1,0,0,0,"",0],["_BumpMap",4,0,0,0,0,"bump",0],["_EmissionColor",0,0,0,0,1,"",0],["_EmissionMap",4,0,0,0,0,"white",0],["_DistortionStrength",2,1,0,0,0,"",0],["_DistortionBlend",3,0.5,0,1,0,"",0],["_SoftParticlesNearFadeDistance",2,0,0,0,0,"",0],["_SoftParticlesFarFadeDistance",2,1,0,0,0,"",0],["_CameraNearFadeDistance",2,1,0,0,0,"",0],["_CameraFarFadeDistance",2,2,0,0,0,"",0],["_Mode",2,0,0,0,0,"",1],["_ColorMode",2,0,0,0,0,"",1],["_FlipbookMode",2,0,0,0,0,"",1],["_LightingEnabled",2,0,0,0,0,"",1],["_DistortionEnabled",2,0,0,0,0,"",1],["_EmissionEnabled",2,0,0,0,0,"",1],["_BlendOp",2,0,0,0,0,"",1],["_SrcBlend",2,1,0,0,0,"",1],["_DstBlend",2,0,0,0,0,"",1],["_ZWrite",2,1,0,0,0,"",1],["_Cull",2,2,0,0,0,"",1],["_SoftParticlesEnabled",2,0,0,0,0,"",1],["_CameraFadingEnabled",2,0,0,0,0,"",1],["_SoftParticleFadeParams",1,0,0,0,0,"",1],["_CameraFadeParams",1,0,0,0,0,"",1],["_ColorAddSubDiff",1,0,0,0,0,"",1],["_DistortionStrengthScaled",2,0,0,0,0,"",1]],23,66,0,0,0]},{"id":26,"assetBundleId":-2,"data":[[],"Sprites/Default",null,["PIXELSNAP_ON","ETC1_EXTERNAL_ALPHA","INSTANCING_ON","STEREO_CUBEMAP_RENDER_ON","STEREO_INSTANCING_ON","STEREO_MULTIVIEW_ON","UNITY_SINGLE_PASS_STEREO","_","__"],[[0,0,"",0,"",0,[4,null],[0,null],[0,null],[[1,null],[10,null],[0,null]],[[1,null],[10,null],[0,null]],[15,null],[0,null],[0,null],[0,null],[255,null],[255,null],[[0,null],[0,null],[0,null],[8,null]],[[0,null],[0,null],[0,null],[8,null]],[[0,null],[0,null],[0,null],[8,null]],[["CanUseSpriteAtlas","true"],["IGNOREPROJECTOR","true"],["PreviewType","Plane"],["QUEUE","Transparent"],["RenderType","Transparent"]],["ETC1_EXTERNAL_ALPHA","INSTANCING_ON","PIXELSNAP_ON","STEREO_CUBEMAP_RENDER_ON","STEREO_INSTANCING_ON","STEREO_MULTIVIEW_ON","UNITY_SINGLE_PASS_STEREO","_","__"],[],[[0,0,[],12,13,0,0],[0,0,[],14,15,1,0]],[],0]],[],[["_MainTex",4,0,0,0,0,"white",2],["_Color",0,1,1,1,1,"",0],["PixelSnap",2,0,0,0,0,"",0],["_RendererColor",0,1,1,1,1,"",1],["_Flip",1,1,1,1,1,"",1],["_AlphaTex",4,0,0,0,0,"white",2],["_EnableExternalAlpha",2,0,0,0,0,"",2]],null,null,0,0,0]},{"id":66,"assetBundleId":-2,"data":[[],"Legacy Shaders/VertexLit",null,["FOG_EXP","FOG_EXP2","FOG_LINEAR","POINT","SPOT","SHADOWS_DEPTH","STEREO_CUBEMAP_RENDER_ON","STEREO_INSTANCING_ON","STEREO_MULTIVIEW_ON","UNITY_SINGLE_PASS_STEREO","_","__","INSTANCING_ON","SHADOWS_CUBE"],[[0,0,"",1,"",0,[4,null],[1,null],[2,null],[[1,null],[0,null],[0,null]],[[1,null],[0,null],[0,null]],[15,null],[0,null],[0,null],[0,null],[255,null],[255,null],[[0,null],[0,null],[0,null],[8,null]],[[0,null],[0,null],[0,null],[8,null]],[[0,null],[0,null],[0,null],[8,null]],[["LIGHTMODE","Vertex"],["RenderType","Opaque"]],["FOG_EXP","FOG_EXP2","FOG_LINEAR","POINT","SPOT","STEREO_CUBEMAP_RENDER_ON","STEREO_INSTANCING_ON","STEREO_MULTIVIEW_ON","UNITY_SINGLE_PASS_STEREO","_"],[],[],[],0],[1,0,"",2,"",0,[4,null],[1,null],[2,null],[[1,null],[0,null],[0,null]],[[1,null],[0,null],[0,null]],[15,null],[0,null],[0,null],[0,null],[255,null],[255,null],[[0,null],[0,null],[0,null],[8,null]],[[0,null],[0,null],[0,null],[8,null]],[[0,null],[0,null],[0,null],[8,null]],[["LIGHTMODE","VertexLM"],["RenderType","Opaque"]],["FOG_EXP","FOG_EXP2","FOG_LINEAR","STEREO_CUBEMAP_RENDER_ON","STEREO_INSTANCING_ON","STEREO_MULTIVIEW_ON","UNITY_SINGLE_PASS_STEREO","__"],[],[],[],0],[2,0,"ShadowCaster",8,"",0,[4,null],[1,null],[2,null],[[1,null],[0,null],[0,null]],[[1,null],[0,null],[0,null]],[15,null],[0,null],[0,null],[0,null],[255,null],[255,null],[[0,null],[0,null],[0,null],[8,null]],[[0,null],[0,null],[0,null],[8,null]],[[0,null],[0,null],[0,null],[8,null]],[["LIGHTMODE","SHADOWCASTER"],["RenderType","Opaque"],["SHADOWSUPPORT","true"]],["INSTANCING_ON","SHADOWS_CUBE","SHADOWS_DEPTH","STEREO_CUBEMAP_RENDER_ON","STEREO_INSTANCING_ON","STEREO_MULTIVIEW_ON","UNITY_SINGLE_PASS_STEREO","__"],[],[],[],0]],[],[["_Color",0,1,1,1,1,"",0],["_SpecColor",0,1,1,1,1,"",0],["_Emission",0,0,0,0,0,"",0],["_Shininess",3,0.699999988079071,0.00999999977648258,1,0,"",0],["_MainTex",4,0,0,0,0,"white",0]],null,null,0,0,0]},{"id":62,"assetBundleId":-2,"data":[[],"Standard",null,["DIRECTIONAL","DIRLIGHTMAP_COMBINED","FOG_EXP","FOG_EXP2","FOG_LINEAR","LIGHTMAP_ON","LIGHTPROBE_SH","SHADOWS_SCREEN","SHADOWS_SHADOWMASK","VERTEXLIGHT_ON","_ALPHABLEND_ON","_ALPHAPREMULTIPLY_ON","_ALPHATEST_ON","_EMISSION","_GLOSSYREFLECTIONS_OFF","_METALLICGLOSSMAP","_NORMALMAP","_PARALLAXMAP","_SMOOTHNESS_TEXTURE_ALBEDO_CHANNEL_A","_SPECULARHIGHLIGHTS_OFF","DIRECTIONAL_COOKIE","POINT","POINT_COOKIE","SHADOWS_DEPTH","SPOT","DYNAMICLIGHTMAP_ON","INSTANCING_ON","LIGHTMAP_SHADOW_MIXING","STEREO_CUBEMAP_RENDER_ON","STEREO_INSTANCING_ON","STEREO_MULTIVIEW_ON","UNITY_SINGLE_PASS_STEREO","_DETAIL_MULX2","__","_","SHADOWS_CUBE","SHADOWS_SOFT"],[[0,0,"FORWARD",4,"",0,[4,null],[0,"_ZWrite"],[2,null],[[0,"_SrcBlend"],[0,"_DstBlend"],[0,null]],[[0,"_SrcBlend"],[0,"_DstBlend"],[0,null]],[15,null],[0,null],[0,null],[0,null],[255,null],[255,null],[[0,null],[0,null],[0,null],[8,null]],[[0,null],[0,null],[0,null],[8,null]],[[0,null],[0,null],[0,null],[8,null]],[["LIGHTMODE","FORWARDBASE"],["PerformanceChecks","False"],["RenderType","Opaque"],["SHADOWSUPPORT","true"]],["DIRECTIONAL","DIRLIGHTMAP_COMBINED","DYNAMICLIGHTMAP_ON","FOG_EXP","FOG_EXP2","FOG_LINEAR","INSTANCING_ON","LIGHTMAP_ON","LIGHTMAP_SHADOW_MIXING","LIGHTPROBE_SH","SHADOWS_SCREEN","SHADOWS_SHADOWMASK","STEREO_CUBEMAP_RENDER_ON","STEREO_INSTANCING_ON","STEREO_MULTIVIEW_ON","UNITY_SINGLE_PASS_STEREO","VERTEXLIGHT_ON","_ALPHABLEND_ON","_ALPHAPREMULTIPLY_ON","_ALPHATEST_ON","_DETAIL_MULX2","_EMISSION","_GLOSSYREFLECTIONS_OFF","_METALLICGLOSSMAP","_NORMALMAP","_PARALLAXMAP","_SMOOTHNESS_TEXTURE_ALBEDO_CHANNEL_A","_SPECULARHIGHLIGHTS_OFF","__","_"],[],[[0,0,["DIRECTIONAL","LIGHTPROBE_SH","_METALLICGLOSSMAP","_NORMALMAP"],27,28,0,0],[0,0,["DIRECTIONAL","LIGHTPROBE_SH","_METALLICGLOSSMAP","_NORMALMAP"],29,30,1,0],[0,0,["DIRECTIONAL","LIGHTPROBE_SH"],31,32,0,0],[0,0,["DIRECTIONAL","LIGHTPROBE_SH"],33,34,1,0],[0,0,["DIRECTIONAL","LIGHTPROBE_SH","_NORMALMAP","_EMISSION"],27,35,0,0],[0,0,["DIRECTIONAL","LIGHTPROBE_SH","_NORMALMAP","_EMISSION"],29,36,1,0],[0,0,["DIRECTIONAL","LIGHTPROBE_SH","_ALPHATEST_ON","_EMISSION"],31,37,0,0],[0,0,["DIRECTIONAL","LIGHTPROBE_SH","_ALPHATEST_ON","_EMISSION"],33,38,1,0],[0,0,["DIRECTIONAL","LIGHTPROBE_SH","_ALPHABLEND_ON","_EMISSION"],31,39,0,0],[0,0,["DIRECTIONAL","LIGHTPROBE_SH","_ALPHABLEND_ON","_EMISSION"],33,40,1,0],[0,0,["DIRECTIONAL","LIGHTPROBE_SH","_ALPHABLEND_ON","_NORMALMAP","_EMISSION"],27,41,0,0],[0,0,["DIRECTIONAL","LIGHTPROBE_SH","_ALPHABLEND_ON","_NORMALMAP","_EMISSION"],29,42,1,0],[0,0,["DIRECTIONAL","LIGHTPROBE_SH","_EMISSION"],31,43,0,0],[0,0,["DIRECTIONAL","LIGHTPROBE_SH","_EMISSION"],33,44,1,0]],[],0],[1,0,"FORWARD_DELTA",5,"",0,[4,null],[0,null],[2,null],[[0,"_SrcBlend"],[1,null],[0,null]],[[0,"_SrcBlend"],[1,null],[0,null]],[15,null],[0,null],[0,null],[0,null],[255,null],[255,null],[[0,null],[0,null],[0,null],[8,null]],[[0,null],[0,null],[0,null],[8,null]],[[0,null],[0,null],[0,null],[8,null]],[["LIGHTMODE","FORWARDADD"],["PerformanceChecks","False"],["RenderType","Opaque"],["SHADOWSUPPORT","true"]],["DIRECTIONAL","DIRECTIONAL_COOKIE","FOG_EXP","FOG_EXP2","FOG_LINEAR","LIGHTMAP_SHADOW_MIXING","POINT","POINT_COOKIE","SHADOWS_CUBE","SHADOWS_DEPTH","SHADOWS_SCREEN","SHADOWS_SHADOWMASK","SHADOWS_SOFT","SPOT","STEREO_CUBEMAP_RENDER_ON","STEREO_INSTANCING_ON","STEREO_MULTIVIEW_ON","UNITY_SINGLE_PASS_STEREO","_ALPHABLEND_ON","_ALPHAPREMULTIPLY_ON","_ALPHATEST_ON","_DETAIL_MULX2","_METALLICGLOSSMAP","_NORMALMAP","_PARALLAXMAP","_SMOOTHNESS_TEXTURE_ALBEDO_CHANNEL_A","_SPECULARHIGHLIGHTS_OFF","__","_"],[],[],[],0],[2,0,"ShadowCaster",8,"",0,[4,null],[1,null],[2,null],[[1,null],[0,null],[0,null]],[[1,null],[0,null],[0,null]],[15,null],[0,null],[0,null],[0,null],[255,null],[255,null],[[0,null],[0,null],[0,null],[8,null]],[[0,null],[0,null],[0,null],[8,null]],[[0,null],[0,null],[0,null],[8,null]],[["LIGHTMODE","SHADOWCASTER"],["PerformanceChecks","False"],["RenderType","Opaque"],["SHADOWSUPPORT","true"]],["INSTANCING_ON","SHADOWS_CUBE","SHADOWS_DEPTH","STEREO_CUBEMAP_RENDER_ON","STEREO_INSTANCING_ON","STEREO_MULTIVIEW_ON","UNITY_SINGLE_PASS_STEREO","_ALPHABLEND_ON","_ALPHAPREMULTIPLY_ON","_ALPHATEST_ON","_METALLICGLOSSMAP","_PARALLAXMAP","_SMOOTHNESS_TEXTURE_ALBEDO_CHANNEL_A","__","_"],[],[],[],0]],[],[["_Color",0,1,1,1,1,"",0],["_MainTex",4,0,0,0,0,"white",0],["_Cutoff",3,0.5,0,1,0,"",0],["_Glossiness",3,0.5,0,1,0,"",0],["_GlossMapScale",3,1,0,1,0,"",0],["_SmoothnessTextureChannel",2,0,0,0,0,"",0],["_Metallic",3,0,0,1,0,"",32],["_MetallicGlossMap",4,0,0,0,0,"white",0],["_SpecularHighlights",2,1,0,0,0,"",0],["_GlossyReflections",2,1,0,0,0,"",0],["_BumpScale",2,1,0,0,0,"",0],["_BumpMap",4,0,0,0,0,"bump",8],["_Parallax",3,0.0199999995529652,0.00499999988824129,0.0799999982118607,0,"",0],["_ParallaxMap",4,0,0,0,0,"black",0],["_OcclusionStrength",3,1,0,1,0,"",0],["_OcclusionMap",4,0,0,0,0,"white",0],["_EmissionColor",0,0,0,0,1,"",0],["_EmissionMap",4,0,0,0,0,"white",0],["_DetailMask",4,0,0,0,0,"white",0],["_DetailAlbedoMap",4,0,0,0,0,"grey",0],["_DetailNormalMapScale",2,1,0,0,0,"",0],["_DetailNormalMap",4,0,0,0,0,"bump",8],["_UVSec",2,0,0,0,0,"",0],["_Mode",2,0,0,0,0,"",1],["_SrcBlend",2,1,0,0,0,"",1],["_DstBlend",2,0,0,0,0,"",1],["_ZWrite",2,1,0,0,0,"",1]],23,66,0,0,0]}],"sprites":[{"id":1048,"path":"Resources/unity_builtin_extra\\UISprite","assetBundleId":-2,"data":["UISprite",24,1046,[0,0,0,0.08,0.08,0],[0.05,0.08,0,0.8125,1,0.08,-0.08,0,1,0,0.08,0.075,0,1,0.96875,-0.07,0.08,0,0.0625,1,-0.075,-0.08,0,0.03124997,0,-0.08,0.07,0,0,0.9375,-0.08,-0.05,0,0,0.1875],[6,5,4,3,4,5,1,4,3,0,1,3,2,1,0],-0.000835968181490898,-0.00160364620387554,0.999164044857025,0.998396337032318,0,0,1,1,0.3125,0.3125,0.3125,0.3125,[0,0,0,0],[-0.08,-0.08,0.08,0.08],200,32,32,32,32,16,16,0.0267509818077087,0.0513166785240173]},{"id":1052,"path":"Resources/unity_builtin_extra\\Background","assetBundleId":-2,"data":["Background",24,1050,[0,0,0,0.08,0.08,0],[0.05,0.08,0,0.8125,1,0.08,-0.08,0,1,0,0.08,0.075,0,1,0.96875,-0.07,0.08,0,0.0625,1,-0.075,-0.08,0,0.03124997,0,-0.08,0.07,0,0,0.9375,-0.08,-0.05,0,0,0.1875],[6,5,4,3,4,5,1,4,3,0,1,3,2,1,0],-0.000835968181490898,-0.00160364620387554,0.999164044857025,0.998396337032318,0,0,1,1,0.3125,0.3125,0.3125,0.3125,[0,0,0,0],[-0.08,-0.08,0.08,0.08],200,32,32,32,32,16,16,0.0267509818077087,0.0513166785240173]}],"textures":[{"id":1050,"type":0,"path":"Resources/unity_builtin_extra\\Background","assetBundleId":-2,"data":["Background",32,32,6,16,1,0,4,1,1,1,8,0,0,1,1]},{"id":1022,"type":0,"path":"Resources/unity_builtin_extra\\Default-Particle","assetBundleId":-2,"data":["Default-Particle",64,64,7,1,1,0,4,0,0,1,8,0,0,0,0]},{"id":1046,"type":0,"path":"Resources/unity_builtin_extra\\UISprite","assetBundleId":-2,"data":["UISprite",32,32,6,16,1,0,4,1,1,1,8,0,0,1,1]}],"cubemaps":[{"id":35876,"type":2,"path":"Assets/Scenes/Assets/Scenes/GameScene.unity/PrefilteredEnvironment.exr","assetBundleId":-2,"data":["",-14382,8,1,128,0,2,[0,0,0.25,0.5,0,0.5,0.25,1,0.25,0,0.5,0.5,0.25,0.5,0.5,1,0.5,0,0.75,0.5,0.75,0,1,0.5,0.5,0.5,0.625,0.75,0.5,0.75,0.625,1,0.625,0.5,0.75,0.75,0.625,0.75,0.75,1,0.75,0.5,0.875,0.75,0.875,0.5,1,0.75,0.75,0.75,0.8125,0.875,0.75,0.875,0.8125,1,0.8125,0.75,0.875,0.875,0.8125,0.875,0.875,1,0.875,0.75,0.9375,0.875,0.9375,0.75,1,0.875,0.875,0.875,0.90625,0.9375,0.875,0.9375,0.90625,1,0.90625,0.875,0.9375,0.9375,0.90625,0.9375,0.9375,1,0.9375,0.875,0.96875,0.9375,0.96875,0.875,1,0.9375,0.9375,0.9375,0.953125,0.96875,0.9375,0.96875,0.953125,1,0.953125,0.9375,0.96875,0.96875,0.953125,0.96875,0.96875,1,0.96875,0.9375,0.984375,0.96875,0.984375,0.9375,1,0.96875,0.96875,0.96875,0.9765625,0.984375,0.96875,0.984375,0.9765625,1,0.9765625,0.96875,0.984375,0.984375,0.9765625,0.984375,0.984375,1,0.984375,0.96875,0.9921875,0.984375,0.9921875,0.96875,1,0.984375,0.984375,0.984375,0.98828125,0.9921875,0.984375,0.9921875,0.98828125,1,0.98828125,0.984375,0.9921875,0.9921875,0.98828125,0.9921875,0.9921875,1,0.9921875,0.984375,0.99609375,0.9921875,0.99609375,0.984375,1,0.9921875,0.9921875,0.9921875,0.994140625,0.99609375,0.9921875,0.99609375,0.994140625,1,0.994140625,0.9921875,0.99609375,0.99609375,0.994140625,0.99609375,0.99609375,1,0.99609375,0.9921875,0.998046875,0.99609375,0.998046875,0.9921875,1,0.99609375],1,1]}],"resources":[{"id":0,"assetBundleId":-2,"data":[[["unity_builtin_extra",24,1046],["unity_builtin_extra",6,1048],["unity_builtin_extra",24,1050],["unity_builtin_extra",6,1052],["unity_builtin_extra",23,62],["unity_builtin_extra",23,158],["unity_builtin_extra",23,166],["unity_builtin_extra",24,1022],["unity_builtin_extra",16,1024],["unity_builtin_extra",23,26],["unity_builtin_extra",16,820],["unity_builtin_extra",23,174],["unity_builtin_extra",16,1028],["unity_builtin_extra",23,144],["unity_builtin_extra",23,28]],[32676,32672,33254,32672,32760,32752,32766,32752,31576,32752,-11290,37748,33224,32752,32762,32752,-11298,37748,36012,37748,33222,32752,32756,32752,33216,32752,32754,32752,31578,32752,36014,37748,32786,31580,32942,31580,32986,31580,32866,31580,32868,31580,32658,32660,33104,32660,33116,32660,33108,32660,33100,32660,33096,32660,32972,31580,33164,32660,33170,32660,33162,32660,33160,32660,33166,32660,33172,32660,33158,32660,33168,32660,33174,32660,33176,32660,33044,31580,33046,31580,33048,31580,33050,31580,33052,31580,32920,31580,32992,32660,33094,32660,32928,31580,32938,31580,32918,31580,32862,31580,32864,31580,32874,31580,32876,31580,31636,31582,33294,31582,33296,31582,33298,31582,33300,31582,33302,31582,33304,31582,33306,31582,33308,31582,33310,31582,33312,31582,33314,31582,33316,31582,33318,31582,33320,31582,33322,31582,33324,31582,33326,31582,33328,31582,33330,31582,33332,31582,33334,31582,33336,31582,33338,31582,33340,31582,33342,31582,33344,31582,33346,31582,33348,31582,33350,31582,33352,31582,33354,31582,33356,31582,33358,31582,33360,31582,33362,31582,33364,31582,33366,31582,33368,31582,33370,31582,33372,31582,33374,31582,33376,31582,33378,31582,33380,31582,33382,31582,33384,31582,33386,31582,33388,31582,33390,31582,33392,31582,33394,31582,33396,31582,33398,31582,33400,31582,33402,31582,33404,31582,33406,31582,33408,31582,33410,31582,33412,31582,33414,31582,33416,31582,33418,31582,33420,31582,33422,31582,33424,31582,33426,31582,33428,31582,33430,31582,33432,31582,33434,31582,33436,31582,33438,31582,33440,31582,33442,31582,33444,31582,33446,31582,33448,31582,33450,31582,33452,31582,33454,31582,33456,31582,33458,31582,33460,31582,33462,31582,33464,31582,33466,31582,33468,31582,33470,31582,33472,31582,33474,31582,33476,31582,33478,31582,33480,31582,33482,31582,33484,31582,33486,31582,33488,31582,33490,31582,33492,31582,33494,31582,33496,31582,33498,31582,33500,31582,33502,31582,33504,31582,33506,31582,33508,31582,33510,31582,33512,31582,33514,31582,33516,31582,33518,31582,33520,31582,33522,31582,33524,31582,33526,31582,33528,31582,33530,31582,33532,31582,33534,31582,33536,31582,33538,31582,33540,31582,33542,31582,33544,31582,33546,31582,33548,31582,33550,31582,33552,31582,33554,31582,33556,31582,33558,31582,33560,31582,33562,31582,33564,31582,33566,31582,33568,31582,33570,31582,33572,31582,33574,31582,33576,31582,33578,31582,33580,31582,33582,31582,33584,31582,33586,31582,33588,31582,33590,31582,33592,31582,33594,31582,33596,31582,33598,31582,33600,31582,33602,31582,33604,31582,33606,31582,33608,31582,33610,31582,33612,31582,33614,31582,33616,31582,33618,31582,33620,31582,33622,31582,33624,31582,33626,31582,33628,31582,33630,31582,33632,31582,33634,31582,33636,31582,33638,31582,33640,31582,33642,31582,33644,31582,33646,31582,33648,31582,33650,31582,33652,31582,33654,31582,33656,31582,33658,31582,33660,31582,33662,31582,33664,31582,33666,31582,33668,31582,33670,31582,33672,31582,33674,31582,33676,31582,33678,31582,33680,31582,33682,31582,33684,31582,33686,31582,33688,31582,33690,31582,33692,31582,33694,31582,33696,31582,33698,31582,33700,31582,33702,31582,33704,31582,33706,31582,33708,31582,33710,31582,33712,31582,33714,31582,33716,31582,33718,31582,33720,31582,33722,31582,33724,31582,33726,31582,33728,31582,33730,31582,33732,31582,33734,31582,33736,31582,33738,31582,33740,31582,33742,31582,33744,31582,33746,31582,33748,31582,33750,31582,33752,31582,33754,31582,33756,31582,33758,31582,33760,31582,33762,31582,33764,31582,33766,31582,33768,31582,33770,31582,33772,31582,33774,31582,33776,31582,33778,31582,33780,31582,33782,31582,33784,31582,33786,31582,33788,31582,33790,31582,33792,31582,33794,31582,33796,31582,33798,31582,33800,31582,33802,31582,33804,31582,33806,31582,33808,31582,33810,31582,33812,31582,33814,31582,33816,31582,33818,31582,33820,31582,33822,31582,33824,31582,33826,31582,33828,31582,33830,31582,33832,31582,33834,31582,33836,31582,33838,31582,33840,31582,33842,31582,33844,31582,33846,31582,36680,36246,34326,31582,32038,31582,34276,31582,31844,31582,34320,31582,31634,31582,34438,31582,31982,31582,33980,31582,31802,31582,34368,31582,31900,31582,34204,31582,32036,31582,34430,31582,31712,31582,34044,31582,32090,31582,34134,31582,31686,31582,34344,31582,31934,31582,34246,31582,32012,31582,33954,31582,31742,31582,34406,31582,31630,31582,34270,31582,31994,31582,34126,31582,32070,31582,34210,31582,32046,31582,34486,31582,32092,31582,34200,31582,32066,31582,34234,31582,31764,31582,34098,31582,32152,31582,34364,31582,31988,31582,34140,31582,31646,31582,34230,31582,32076,31582,34386,31582,31656,31582,34292,31582,31710,31582,34330,31582,31780,31582,34290,31582,31716,31582,34434,31582,31760,31582,34240,31582,32172,31582,33952,31582,31894,31582,34258,31582,31692,31582,34444,31582,31902,31582,34132,31582,31792,31582,34454,31582,32144,31582,34448,31582,31964,31582,34248,31582,32116,31582,34400,31582,32050,31582,34202,31582,31674,31582,34058,31582,31938,31582,34122,31582,31774,31582,34282,31582,31970,31582,34076,31582,32120,31582,-11652,36246,-11684,36246,-11740,36246,-13204,36246,-13316,36246,-13340,36246,-13364,36246,-13380,36246,-13436,36246,-13444,36246,-13452,36246,-13460,36246,-13468,36246,-13476,36246,-13484,36246,-13524,36246,-13540,36246,-13580,36246,-13588,36246,-13612,36246,-13620,36246,-13628,36246,-13652,36246,-13668,36246,-13676,36246,-13684,36246,-13692,36246,-13700,36246,-13708,36246,-13716,36246,-13724,36246,-13732,36246,-13740,36246,-13748,36246,-13756,36246,-13764,36246,-13772,36246,-13780,36246,-13788,36246,-13804,36246,-13812,36246,-13852,36246,-13860,36246,36712,36246,-11198,36246,-11206,36246,-11214,36246,-11222,36246,-11230,36246,31610,32684,35092,38012,35084,32684,35100,32684,35090,32684,35104,32684,32692,32684,35082,32684,35086,32684,35088,32684,36574,36246,32698,32684,35110,32684,-11510,36246,32696,32684,35124,32684,-11518,36246,32694,32684,35108,32684,32690,32684,35114,32684,32688,32684,35116,32684,-11542,36246,35122,32684,-11550,36246,32686,32684,-11552,36246,35112,32684,-11502,36246,-11526,36246,-11534,36246,31608,32684,35080,32684,36572,36246,32662,32810,32818,32706,32882,32706,32884,32706,32886,32706,32888,32706,32890,32706,32892,32706,32962,33028,33036,33028,33040,33028,32898,32708,33120,33028,33124,33028,33122,33028,33126,33028,32968,32708,32970,32708,32834,32708,33088,33028,33090,33028,33072,33028,38070,33022,38074,33022,38076,33022,32956,33022,32896,32828,32904,32828,32902,32828,33070,33022,33068,33022,32900,32708,32710,32848,36792,37748,32740,31584,32744,31584,37348,36228,33194,31584,32742,31584,31598,31596,33260,31596,36522,36228,33266,31596,31602,31596,-13890,36228,33258,31596,31600,31596,32772,32774,33288,32774,33290,32774,33180,31550,31552,31550,33178,31550,33182,31550,-11262,36228,-13988,36228,-11584,36228,-11324,36228,-13924,36228,-11608,36228,-13940,36228,-11568,36228,-11364,36228,-14020,36228,-11646,36228,-11624,36228,-11404,36228,-13956,36228,-13870,36228,-11372,36228,-11476,36228,-11332,36228,-11632,36228,-11436,36228,-13878,36228,-11248,36228,-13932,36228,-14004,36228,-13948,36228,-11576,36228,-11616,36228,-11380,36228,-11396,36228,-11492,36228,-11270,36228,-13900,36228,-11412,36228,-14028,36228,-11484,36228,-11388,36228,-14036,36228,-14012,36228,-11278,36228,-11356,36228,-11240,36228,-13964,36228,-11560,36228,-11468,36228,32702,32712,35128,32712,36926,36228,32716,32712,32720,32712,-13914,36228,32714,32712,32718,32712,35126,32712,37640,36228,37612,36228,36462,36228,36262,36228,37496,36228,37260,36228,36326,36228,37192,36228,36364,36228,37720,36228,35900,36228,37204,36228,36202,36228,36346,36228,36920,36228,36018,36228,36002,36228,36586,36228,36170,36228,36864,36228,37134,36228,36338,36228,36580,36228,36394,36228,36134,36228,36390,36228,36582,36228,36734,36228,36352,36228,37010,36228,36234,36228,36924,36228,36108,36228,37494,36228,36166,36228,37700,36228,36694,36228,37000,36228,37258,36228,36820,36228,36568,36228,35946,36228,37272,36228,36930,36228,36198,36228,32682,32734,32736,32734,35064,32734,36816,36228,35072,32734,35074,32734,35070,32734,-14044,36228,-14052,36228,31558,31556,33238,31556,33240,31556,36600,36228,33246,31556,32770,31556,33248,31556,-11340,36228,-11348,36228,36418,36228,-11444,36228,-11452,36228,37498,36228,-11420,36228,-11428,36228,31566,31564,33200,31564,33202,31564,37020,36228,33210,31564,31568,31564,33208,31564,-11592,36228,-11600,36228,37428,36228,-13972,36228,-13980,36228,37658,36228,-11180,36228,-11188,36228,32652,32650,33270,32650,33272,32650,37372,36228,33280,32650,33282,32650,33278,32650,-11308,36228,-11316,36228,32664,32666,33186,32666,33188,32666,-11458,36228,37046,36228]]}],"project-settings":[{"id":-1,"assetBundleId":-2,"data":[[["UnityEngine.EventSystems.EventSystem",-1000],["UnityEngine.UI.ToggleGroup",10],["Cinemachine.CinemachinePixelPerfect",-1],["Cinemachine.CinemachineIndependentImpulseListener",200],["Cinemachine.CinemachineBrain",100],["UnityEngine.Rendering.Universal.CinemachineUniversalPixelPerfect",-1]],[[0,"Default",0]],[[0,"Default"],[1,"TransparentFX"],[2,"Ignore Raycast"],[4,"Water"],[5,"UI"],[6,"Outline"],[7,"OutlineLayer"]],[0.0199999995529652,0.333333343267441,1,0.0299999993294477],[0,-9.8100004196167,0,6,2,0,1,[[0,0,0],[0,0,1],[0,0,2],[0,0,4],[0,0,5],[0,0,6],[0,0,7],[0,1,0],[0,1,1],[0,1,2],[0,1,4],[0,1,5],[0,1,6],[0,1,7],[0,2,0],[0,2,1],[0,2,2],[0,2,4],[0,2,5],[0,2,6],[0,2,7],[0,4,0],[0,4,1],[0,4,2],[0,4,4],[0,4,5],[0,4,6],[0,4,7],[0,5,0],[0,5,1],[0,5,2],[0,5,4],[0,5,5],[0,5,6],[0,5,7],[0,6,0],[0,6,1],[0,6,2],[0,6,4],[0,6,5],[0,6,6],[0,6,7],[0,7,0],[0,7,1],[0,7,2],[0,7,4],[0,7,5],[0,7,6],[0,7,7]]],[null,null,0,-9.8100004196167,3,8,1,0.200000002980232,8,100,360,0.200000002980232,0.75,0.5,0.00999999977648258,2,0.00999999977648258,1,1,1,1,1,0,[[0,0,0],[0,0,1],[0,0,2],[0,0,4],[0,0,5],[0,0,6],[0,0,7],[0,1,0],[0,1,1],[0,1,2],[0,1,4],[0,1,5],[0,1,6],[0,1,7],[0,2,0],[0,2,1],[0,2,2],[0,2,4],[0,2,5],[0,2,6],[0,2,7],[0,4,0],[0,4,1],[0,4,2],[0,4,4],[0,4,5],[0,4,6],[0,4,7],[0,5,0],[0,5,1],[0,5,2],[0,5,4],[0,5,5],[0,5,6],[0,5,7],[0,6,0],[0,6,1],[0,6,2],[0,6,4],[0,6,5],[0,6,6],[0,6,7],[0,7,0],[0,7,1],[0,7,2],[0,7,4],[0,7,5],[0,7,6],[0,7,7]]],[[[[],["Very Low","Low","Medium","High","Very High","Ultra"],0,0,0,0.300000011920929,1,15,0,1,0,0,0,0,0,1,2,4,0,0,0.333333343267441,0.0666666701436043,0.200000002980232,0.466666668653488,0,0,16,2,0,3,512,0,1,2,512,1,1024,0],[[],["Very Low","Low","Medium","High","Very High","Ultra"],0,0,0,0.400000005960464,1,20,0,1,0,0,0,0,0,0,2,16,0,0,0.333333343267441,0.0666666701436043,0.200000002980232,0.466666668653488,0,0,16,2,0,3,512,0,1,2,512,1,1024,1],[[],["Very Low","Low","Medium","High","Very High","Ultra"],1,1,0,0.699999988079071,1,20,0,1,0,0,0,0,0,0,2,64,1,0,0.333333343267441,0.0666666701436043,0.200000002980232,0.466666668653488,0,1,16,2,0,3,512,0,1,2,512,1,1024,2],[[],["Very Low","Low","Medium","High","Very High","Ultra"],2,1,0,1,2,40,1,1,1,0,1,0,0,0,2,256,2,1,0.333333343267441,0.0666666701436043,0.200000002980232,0.466666668653488,0,1,16,2,1,3,512,0,1,2,512,1,1024,3],[[],["Very Low","Low","Medium","High","Very High","Ultra"],2,2,2,1.5,2,70,1,1,2,1,1,0,0,0,2,1024,3,1,0.333333343267441,0.0666666701436043,0.200000002980232,0.466666668653488,0,1,16,2,1,3,512,0,1,2,512,1,1024,4],[[],["Very Low","Low","Medium","High","Very High","Ultra"],2,2,2,2,4,150,1,1,2,1,1,0,0,0,2,4096,4,1,0.333333343267441,0.0666666701436043,0.200000002980232,0.466666668653488,0,1,16,2,1,3,512,0,1,2,512,1,1024,5]],["Very Low","Low","Medium","High","Very High","Ultra"],2,2,2,2,4,150,1,1,2,1,1,0,0,0,2,4096,4,1,0.333333343267441,0.0666666701436043,0.200000002980232,0.466666668653488,0,1,16,2,1,3,512,0,1,2,512,1,1024,5],0,0,0,2,0,["Untagged","Respawn","Finish","EditorOnly","MainCamera","Player","GameController","Tank","Tree","Ground"]]}]}