{"materials":[{"id":1024,"path":"Resources/unity_builtin_extra\\Default-Particle","assetBundleId":-2,"data":["Default-Particle",12,166,3000,0,[["_InvFade",1]],[],[["_MainTex_ST",1,1,0,0]],[["_MainTex",13,1022]],[]]},{"id":820,"path":"Resources/unity_builtin_extra\\Sprites-Default","assetBundleId":-2,"data":["Sprites-Default",12,26,3000,0,[["PixelSnap",0],["_EnableExternalAlpha",0]],[["_Color",1,1,1,1],["_RendererColor",1,1,1,1]],[["_MainTex_ST",1,1,0,0],["_Flip",1,1,1,1],["_AlphaTex_ST",1,1,0,0]],[["_MainTex",null,null],["_AlphaTex",null,null]],[]]}],"shaders":[{"id":144,"assetBundleId":-2,"data":[[],"Skybox/Cubemap",null,["STEREO_CUBEMAP_RENDER_ON","STEREO_INSTANCING_ON","STEREO_MULTIVIEW_ON","UNITY_SINGLE_PASS_STEREO"],[[0,0,"",0,"",0,[4,null],[0,null],[0,null],[[1,null],[0,null],[0,null]],[[1,null],[0,null],[0,null]],[15,null],[0,null],[0,null],[0,null],[255,null],[255,null],[[0,null],[0,null],[0,null],[8,null]],[[0,null],[0,null],[0,null],[8,null]],[[0,null],[0,null],[0,null],[8,null]],[["PreviewType","Skybox"],["QUEUE","Background"],["RenderType","Background"]],["STEREO_CUBEMAP_RENDER_ON","STEREO_INSTANCING_ON","STEREO_MULTIVIEW_ON","UNITY_SINGLE_PASS_STEREO"],[],[],[],0]],[],[["_Tint",0,0.5,0.5,0.5,0.5,"",0],["_Exposure",3,1,0,8,0,"",32],["_Rotation",3,0,0,360,0,"",0],["_Tex",4,0,0,0,0,"grey",4]],null,null,0,0,0]},{"id":158,"assetBundleId":-2,"data":[[],"Legacy Shaders/Particles/Additive (Soft)",null,["FOG_EXP","FOG_EXP2","FOG_LINEAR","SOFTPARTICLES_ON","STEREO_CUBEMAP_RENDER_ON","STEREO_INSTANCING_ON","STEREO_MULTIVIEW_ON","UNITY_SINGLE_PASS_STEREO","__"],[[0,0,"",0,"",0,[4,null],[0,null],[0,null],[[1,null],[6,null],[0,null]],[[1,null],[6,null],[0,null]],[14,null],[0,null],[0,null],[0,null],[255,null],[255,null],[[0,null],[0,null],[0,null],[8,null]],[[0,null],[0,null],[0,null],[8,null]],[[0,null],[0,null],[0,null],[8,null]],[["IGNOREPROJECTOR","true"],["PreviewType","Plane"],["QUEUE","Transparent"],["RenderType","Transparent"]],["FOG_EXP","FOG_EXP2","FOG_LINEAR","SOFTPARTICLES_ON","STEREO_CUBEMAP_RENDER_ON","STEREO_INSTANCING_ON","STEREO_MULTIVIEW_ON","UNITY_SINGLE_PASS_STEREO","__"],[],[[0,0,[],0,1,0,0],[0,0,[],2,3,1,0]],[],0]],[],[["_MainTex",4,0,0,0,0,"white",0],["_InvFade",3,1,0.00999999977648258,3,0,"",0]],null,null,0,0,0]},{"id":166,"assetBundleId":-2,"data":[[],"Legacy Shaders/Particles/Alpha Blended Premultiply",null,["SOFTPARTICLES_ON","STEREO_CUBEMAP_RENDER_ON","STEREO_INSTANCING_ON","STEREO_MULTIVIEW_ON","UNITY_SINGLE_PASS_STEREO","__"],[[0,0,"",0,"",0,[4,null],[0,null],[0,null],[[1,null],[10,null],[0,null]],[[1,null],[10,null],[0,null]],[14,null],[0,null],[0,null],[0,null],[255,null],[255,null],[[0,null],[0,null],[0,null],[8,null]],[[0,null],[0,null],[0,null],[8,null]],[[0,null],[0,null],[0,null],[8,null]],[["IGNOREPROJECTOR","true"],["PreviewType","Plane"],["QUEUE","Transparent"],["RenderType","Transparent"]],["SOFTPARTICLES_ON","STEREO_CUBEMAP_RENDER_ON","STEREO_INSTANCING_ON","STEREO_MULTIVIEW_ON","UNITY_SINGLE_PASS_STEREO","__"],[],[],[],0]],[],[["_MainTex",4,0,0,0,0,"white",0],["_InvFade",3,1,0.00999999977648258,3,0,"",0]],null,null,0,0,0]},{"id":28,"assetBundleId":-2,"data":[[],"UI/Default",null,["UNITY_UI_ALPHACLIP","UNITY_UI_CLIP_RECT","STEREO_CUBEMAP_RENDER_ON","STEREO_INSTANCING_ON","STEREO_MULTIVIEW_ON","UNITY_SINGLE_PASS_STEREO","_"],[[0,0,"Default",0,"",0,[0,"unity_GUIZTestMode"],[0,null],[0,null],[[1,null],[10,null],[0,null]],[[1,null],[10,null],[0,null]],[0,"_ColorMask"],[0,null],[0,null],[0,"_Stencil"],[0,"_StencilReadMask"],[0,"_StencilWriteMask"],[[0,"_StencilOp"],[0,null],[0,null],[0,"_StencilComp"]],[[0,null],[0,null],[0,null],[8,null]],[[0,null],[0,null],[0,null],[8,null]],[["CanUseSpriteAtlas","true"],["IGNOREPROJECTOR","true"],["PreviewType","Plane"],["QUEUE","Transparent"],["RenderType","Transparent"]],["STEREO_CUBEMAP_RENDER_ON","STEREO_INSTANCING_ON","STEREO_MULTIVIEW_ON","UNITY_SINGLE_PASS_STEREO","UNITY_UI_ALPHACLIP","UNITY_UI_CLIP_RECT","_"],[],[[0,0,[],4,5,0,0],[0,0,[],6,7,1,0]],[],0]],[],[["_MainTex",4,0,0,0,0,"white",2],["_Color",0,1,1,1,1,"",0],["_StencilComp",2,8,0,0,0,"",0],["_Stencil",2,0,0,0,0,"",0],["_StencilOp",2,0,0,0,0,"",0],["_StencilWriteMask",2,255,0,0,0,"",0],["_StencilReadMask",2,255,0,0,0,"",0],["_ColorMask",2,15,0,0,0,"",0],["_UseUIAlphaClip",2,0,0,0,0,"",0]],null,null,0,0,0]},{"id":26,"assetBundleId":-2,"data":[[],"Sprites/Default",null,["PIXELSNAP_ON","ETC1_EXTERNAL_ALPHA","INSTANCING_ON","STEREO_CUBEMAP_RENDER_ON","STEREO_INSTANCING_ON","STEREO_MULTIVIEW_ON","UNITY_SINGLE_PASS_STEREO","_","__"],[[0,0,"",0,"",0,[4,null],[0,null],[0,null],[[1,null],[10,null],[0,null]],[[1,null],[10,null],[0,null]],[15,null],[0,null],[0,null],[0,null],[255,null],[255,null],[[0,null],[0,null],[0,null],[8,null]],[[0,null],[0,null],[0,null],[8,null]],[[0,null],[0,null],[0,null],[8,null]],[["CanUseSpriteAtlas","true"],["IGNOREPROJECTOR","true"],["PreviewType","Plane"],["QUEUE","Transparent"],["RenderType","Transparent"]],["ETC1_EXTERNAL_ALPHA","INSTANCING_ON","PIXELSNAP_ON","STEREO_CUBEMAP_RENDER_ON","STEREO_INSTANCING_ON","STEREO_MULTIVIEW_ON","UNITY_SINGLE_PASS_STEREO","_","__"],[],[[0,0,[],8,9,0,0],[0,0,[],10,11,1,0]],[],0]],[],[["_MainTex",4,0,0,0,0,"white",2],["_Color",0,1,1,1,1,"",0],["PixelSnap",2,0,0,0,0,"",0],["_RendererColor",0,1,1,1,1,"",1],["_Flip",1,1,1,1,1,"",1],["_AlphaTex",4,0,0,0,0,"white",2],["_EnableExternalAlpha",2,0,0,0,0,"",2]],null,null,0,0,0]},{"id":174,"assetBundleId":-2,"data":[[],"Particles/Standard Unlit",null,["SHADOWS_DEPTH","_ALPHABLEND_ON","_ALPHAMODULATE_ON","_ALPHAPREMULTIPLY_ON","_ALPHATEST_ON","_REQUIRE_UV2","FOG_EXP","FOG_EXP2","FOG_LINEAR","_COLORADDSUBDIFF_ON","_COLORCOLOR_ON","_COLOROVERLAY_ON","_EMISSION","_FADING_ON","_NORMALMAP","INSTANCING_ON","PROCEDURAL_INSTANCING_ON","SHADOWS_CUBE","STEREO_CUBEMAP_RENDER_ON","STEREO_INSTANCING_ON","STEREO_MULTIVIEW_ON","UNITY_SINGLE_PASS_STEREO","__","_","EFFECT_BUMP","SOFTPARTICLES_ON"],[[0,0,"",0,"_GrabTexture",0,[0,null],[0,null],[0,null],[[1,null],[0,null],[0,null]],[[1,null],[0,null],[0,null]],[15,null],[0,null],[0,null],[0,null],[0,null],[0,null],[[0,null],[0,null],[0,null],[0,null]],[[0,null],[0,null],[0,null],[0,null]],[[0,null],[0,null],[0,null],[0,null]],[["LIGHTMODE","GRABPASS"]],[],[],[],[],0],[1,0,"ShadowCaster",8,"",0,[4,null],[1,null],[0,null],[[1,null],[0,null],[0,null]],[[1,null],[0,null],[0,null]],[14,null],[0,null],[0,null],[0,null],[255,null],[255,null],[[0,null],[0,null],[0,null],[8,null]],[[0,null],[0,null],[0,null],[8,null]],[[0,null],[0,null],[0,null],[8,null]],[["IGNOREPROJECTOR","true"],["LIGHTMODE","SHADOWCASTER"],["PerformanceChecks","False"],["PreviewType","Plane"],["RenderType","Opaque"],["SHADOWSUPPORT","true"]],["INSTANCING_ON","PROCEDURAL_INSTANCING_ON","SHADOWS_CUBE","SHADOWS_DEPTH","STEREO_CUBEMAP_RENDER_ON","STEREO_INSTANCING_ON","STEREO_MULTIVIEW_ON","UNITY_SINGLE_PASS_STEREO","_ALPHABLEND_ON","_ALPHAMODULATE_ON","_ALPHAPREMULTIPLY_ON","_ALPHATEST_ON","_REQUIRE_UV2","__","_"],[],[],[],0],[4,0,"",0,"",0,[4,null],[0,"_ZWrite"],[0,"_Cull"],[[0,"_SrcBlend"],[0,"_DstBlend"],[0,"_BlendOp"]],[[0,"_SrcBlend"],[0,"_DstBlend"],[0,"_BlendOp"]],[14,null],[0,null],[0,null],[0,null],[255,null],[255,null],[[0,null],[0,null],[0,null],[8,null]],[[0,null],[0,null],[0,null],[8,null]],[[0,null],[0,null],[0,null],[8,null]],[["IGNOREPROJECTOR","true"],["PerformanceChecks","False"],["PreviewType","Plane"],["RenderType","Opaque"]],["EFFECT_BUMP","FOG_EXP","FOG_EXP2","FOG_LINEAR","INSTANCING_ON","PROCEDURAL_INSTANCING_ON","SOFTPARTICLES_ON","STEREO_CUBEMAP_RENDER_ON","STEREO_INSTANCING_ON","STEREO_MULTIVIEW_ON","UNITY_SINGLE_PASS_STEREO","_ALPHABLEND_ON","_ALPHAMODULATE_ON","_ALPHAPREMULTIPLY_ON","_ALPHATEST_ON","_COLORADDSUBDIFF_ON","_COLORCOLOR_ON","_COLOROVERLAY_ON","_EMISSION","_FADING_ON","_NORMALMAP","_REQUIRE_UV2","__","_"],[],[[4,0,["_ALPHABLEND_ON","_FADING_ON"],12,13,0,0],[4,0,["_ALPHABLEND_ON","_FADING_ON"],14,15,1,0]],[],0]],[],[["_MainTex",4,0,0,0,0,"white",0],["_Color",0,1,1,1,1,"",0],["_Cutoff",3,0.5,0,1,0,"",0],["_BumpScale",2,1,0,0,0,"",0],["_BumpMap",4,0,0,0,0,"bump",0],["_EmissionColor",0,0,0,0,1,"",0],["_EmissionMap",4,0,0,0,0,"white",0],["_DistortionStrength",2,1,0,0,0,"",0],["_DistortionBlend",3,0.5,0,1,0,"",0],["_SoftParticlesNearFadeDistance",2,0,0,0,0,"",0],["_SoftParticlesFarFadeDistance",2,1,0,0,0,"",0],["_CameraNearFadeDistance",2,1,0,0,0,"",0],["_CameraFarFadeDistance",2,2,0,0,0,"",0],["_Mode",2,0,0,0,0,"",1],["_ColorMode",2,0,0,0,0,"",1],["_FlipbookMode",2,0,0,0,0,"",1],["_LightingEnabled",2,0,0,0,0,"",1],["_DistortionEnabled",2,0,0,0,0,"",1],["_EmissionEnabled",2,0,0,0,0,"",1],["_BlendOp",2,0,0,0,0,"",1],["_SrcBlend",2,1,0,0,0,"",1],["_DstBlend",2,0,0,0,0,"",1],["_ZWrite",2,1,0,0,0,"",1],["_Cull",2,2,0,0,0,"",1],["_SoftParticlesEnabled",2,0,0,0,0,"",1],["_CameraFadingEnabled",2,0,0,0,0,"",1],["_SoftParticleFadeParams",1,0,0,0,0,"",1],["_CameraFadeParams",1,0,0,0,0,"",1],["_ColorAddSubDiff",1,0,0,0,0,"",1],["_DistortionStrengthScaled",2,0,0,0,0,"",1]],12,66,0,0,0]},{"id":46,"assetBundleId":-2,"data":[[],"Hidden/BlitCopy",null,["STEREO_CUBEMAP_RENDER_ON","STEREO_INSTANCING_ON","STEREO_MULTIVIEW_ON","UNITY_SINGLE_PASS_STEREO"],[[0,0,"",0,"",0,[8,null],[0,null],[0,null],[[1,null],[0,null],[0,null]],[[1,null],[0,null],[0,null]],[15,null],[0,null],[0,null],[0,null],[255,null],[255,null],[[0,null],[0,null],[0,null],[8,null]],[[0,null],[0,null],[0,null],[8,null]],[[0,null],[0,null],[0,null],[8,null]],[],["STEREO_CUBEMAP_RENDER_ON","STEREO_INSTANCING_ON","STEREO_MULTIVIEW_ON","UNITY_SINGLE_PASS_STEREO"],[],[],[],0]],[],[["_MainTex",4,0,0,0,0,"",0],["_Color",0,1,1,1,1,"",0]],null,null,0,0,0]},{"id":66,"assetBundleId":-2,"data":[[],"Legacy Shaders/VertexLit",null,["FOG_EXP","FOG_EXP2","FOG_LINEAR","POINT","SPOT","SHADOWS_DEPTH","STEREO_CUBEMAP_RENDER_ON","STEREO_INSTANCING_ON","STEREO_MULTIVIEW_ON","UNITY_SINGLE_PASS_STEREO","_","__","INSTANCING_ON","SHADOWS_CUBE"],[[0,0,"",1,"",0,[4,null],[1,null],[2,null],[[1,null],[0,null],[0,null]],[[1,null],[0,null],[0,null]],[15,null],[0,null],[0,null],[0,null],[255,null],[255,null],[[0,null],[0,null],[0,null],[8,null]],[[0,null],[0,null],[0,null],[8,null]],[[0,null],[0,null],[0,null],[8,null]],[["LIGHTMODE","Vertex"],["RenderType","Opaque"]],["FOG_EXP","FOG_EXP2","FOG_LINEAR","POINT","SPOT","STEREO_CUBEMAP_RENDER_ON","STEREO_INSTANCING_ON","STEREO_MULTIVIEW_ON","UNITY_SINGLE_PASS_STEREO","_"],[],[],[],0],[1,0,"",2,"",0,[4,null],[1,null],[2,null],[[1,null],[0,null],[0,null]],[[1,null],[0,null],[0,null]],[15,null],[0,null],[0,null],[0,null],[255,null],[255,null],[[0,null],[0,null],[0,null],[8,null]],[[0,null],[0,null],[0,null],[8,null]],[[0,null],[0,null],[0,null],[8,null]],[["LIGHTMODE","VertexLM"],["RenderType","Opaque"]],["FOG_EXP","FOG_EXP2","FOG_LINEAR","STEREO_CUBEMAP_RENDER_ON","STEREO_INSTANCING_ON","STEREO_MULTIVIEW_ON","UNITY_SINGLE_PASS_STEREO","__"],[],[],[],0],[2,0,"ShadowCaster",8,"",0,[4,null],[1,null],[2,null],[[1,null],[0,null],[0,null]],[[1,null],[0,null],[0,null]],[15,null],[0,null],[0,null],[0,null],[255,null],[255,null],[[0,null],[0,null],[0,null],[8,null]],[[0,null],[0,null],[0,null],[8,null]],[[0,null],[0,null],[0,null],[8,null]],[["LIGHTMODE","SHADOWCASTER"],["RenderType","Opaque"],["SHADOWSUPPORT","true"]],["INSTANCING_ON","SHADOWS_CUBE","SHADOWS_DEPTH","STEREO_CUBEMAP_RENDER_ON","STEREO_INSTANCING_ON","STEREO_MULTIVIEW_ON","UNITY_SINGLE_PASS_STEREO","__"],[],[],[],0]],[],[["_Color",0,1,1,1,1,"",0],["_SpecColor",0,1,1,1,1,"",0],["_Emission",0,0,0,0,0,"",0],["_Shininess",3,0.699999988079071,0.00999999977648258,1,0,"",0],["_MainTex",4,0,0,0,0,"white",0]],null,null,0,0,0]},{"id":62,"assetBundleId":-2,"data":[[],"Standard",null,["DIRECTIONAL","DIRLIGHTMAP_COMBINED","FOG_EXP","FOG_EXP2","FOG_LINEAR","LIGHTMAP_ON","LIGHTPROBE_SH","SHADOWS_SCREEN","SHADOWS_SHADOWMASK","VERTEXLIGHT_ON","_ALPHABLEND_ON","_ALPHAPREMULTIPLY_ON","_ALPHATEST_ON","_EMISSION","_GLOSSYREFLECTIONS_OFF","_METALLICGLOSSMAP","_NORMALMAP","_PARALLAXMAP","_SMOOTHNESS_TEXTURE_ALBEDO_CHANNEL_A","_SPECULARHIGHLIGHTS_OFF","DIRECTIONAL_COOKIE","POINT","POINT_COOKIE","SHADOWS_DEPTH","SPOT","DYNAMICLIGHTMAP_ON","INSTANCING_ON","LIGHTMAP_SHADOW_MIXING","STEREO_CUBEMAP_RENDER_ON","STEREO_INSTANCING_ON","STEREO_MULTIVIEW_ON","UNITY_SINGLE_PASS_STEREO","_DETAIL_MULX2","__","_","SHADOWS_CUBE","SHADOWS_SOFT"],[[0,0,"FORWARD",4,"",0,[4,null],[0,"_ZWrite"],[2,null],[[0,"_SrcBlend"],[0,"_DstBlend"],[0,null]],[[0,"_SrcBlend"],[0,"_DstBlend"],[0,null]],[15,null],[0,null],[0,null],[0,null],[255,null],[255,null],[[0,null],[0,null],[0,null],[8,null]],[[0,null],[0,null],[0,null],[8,null]],[[0,null],[0,null],[0,null],[8,null]],[["LIGHTMODE","FORWARDBASE"],["PerformanceChecks","False"],["RenderType","Opaque"],["SHADOWSUPPORT","true"]],["DIRECTIONAL","DIRLIGHTMAP_COMBINED","DYNAMICLIGHTMAP_ON","FOG_EXP","FOG_EXP2","FOG_LINEAR","INSTANCING_ON","LIGHTMAP_ON","LIGHTMAP_SHADOW_MIXING","LIGHTPROBE_SH","SHADOWS_SCREEN","SHADOWS_SHADOWMASK","STEREO_CUBEMAP_RENDER_ON","STEREO_INSTANCING_ON","STEREO_MULTIVIEW_ON","UNITY_SINGLE_PASS_STEREO","VERTEXLIGHT_ON","_ALPHABLEND_ON","_ALPHAPREMULTIPLY_ON","_ALPHATEST_ON","_DETAIL_MULX2","_EMISSION","_GLOSSYREFLECTIONS_OFF","_METALLICGLOSSMAP","_NORMALMAP","_PARALLAXMAP","_SMOOTHNESS_TEXTURE_ALBEDO_CHANNEL_A","_SPECULARHIGHLIGHTS_OFF","__","_"],[],[[0,0,["DIRECTIONAL","LIGHTPROBE_SH","_METALLICGLOSSMAP","_NORMALMAP"],21,22,0,0],[0,0,["DIRECTIONAL","LIGHTPROBE_SH","_METALLICGLOSSMAP","_NORMALMAP"],23,24,1,0],[0,0,["DIRECTIONAL","LIGHTPROBE_SH"],25,26,0,0],[0,0,["DIRECTIONAL","LIGHTPROBE_SH"],27,28,1,0],[0,0,["DIRECTIONAL","LIGHTPROBE_SH","_NORMALMAP","_EMISSION"],21,29,0,0],[0,0,["DIRECTIONAL","LIGHTPROBE_SH","_NORMALMAP","_EMISSION"],23,30,1,0],[0,0,["DIRECTIONAL","LIGHTPROBE_SH","_ALPHABLEND_ON","_EMISSION"],25,31,0,0],[0,0,["DIRECTIONAL","LIGHTPROBE_SH","_ALPHABLEND_ON","_EMISSION"],27,32,1,0],[0,0,["DIRECTIONAL","LIGHTPROBE_SH","_EMISSION"],25,33,0,0],[0,0,["DIRECTIONAL","LIGHTPROBE_SH","_EMISSION"],27,34,1,0]],[],0],[1,0,"FORWARD_DELTA",5,"",0,[4,null],[0,null],[2,null],[[0,"_SrcBlend"],[1,null],[0,null]],[[0,"_SrcBlend"],[1,null],[0,null]],[15,null],[0,null],[0,null],[0,null],[255,null],[255,null],[[0,null],[0,null],[0,null],[8,null]],[[0,null],[0,null],[0,null],[8,null]],[[0,null],[0,null],[0,null],[8,null]],[["LIGHTMODE","FORWARDADD"],["PerformanceChecks","False"],["RenderType","Opaque"],["SHADOWSUPPORT","true"]],["DIRECTIONAL","DIRECTIONAL_COOKIE","FOG_EXP","FOG_EXP2","FOG_LINEAR","LIGHTMAP_SHADOW_MIXING","POINT","POINT_COOKIE","SHADOWS_CUBE","SHADOWS_DEPTH","SHADOWS_SCREEN","SHADOWS_SHADOWMASK","SHADOWS_SOFT","SPOT","STEREO_CUBEMAP_RENDER_ON","STEREO_INSTANCING_ON","STEREO_MULTIVIEW_ON","UNITY_SINGLE_PASS_STEREO","_ALPHABLEND_ON","_ALPHAPREMULTIPLY_ON","_ALPHATEST_ON","_DETAIL_MULX2","_METALLICGLOSSMAP","_NORMALMAP","_PARALLAXMAP","_SMOOTHNESS_TEXTURE_ALBEDO_CHANNEL_A","_SPECULARHIGHLIGHTS_OFF","__","_"],[],[],[],0],[2,0,"ShadowCaster",8,"",0,[4,null],[1,null],[2,null],[[1,null],[0,null],[0,null]],[[1,null],[0,null],[0,null]],[15,null],[0,null],[0,null],[0,null],[255,null],[255,null],[[0,null],[0,null],[0,null],[8,null]],[[0,null],[0,null],[0,null],[8,null]],[[0,null],[0,null],[0,null],[8,null]],[["LIGHTMODE","SHADOWCASTER"],["PerformanceChecks","False"],["RenderType","Opaque"],["SHADOWSUPPORT","true"]],["INSTANCING_ON","SHADOWS_CUBE","SHADOWS_DEPTH","STEREO_CUBEMAP_RENDER_ON","STEREO_INSTANCING_ON","STEREO_MULTIVIEW_ON","UNITY_SINGLE_PASS_STEREO","_ALPHABLEND_ON","_ALPHAPREMULTIPLY_ON","_ALPHATEST_ON","_METALLICGLOSSMAP","_PARALLAXMAP","_SMOOTHNESS_TEXTURE_ALBEDO_CHANNEL_A","__","_"],[],[],[],0]],[],[["_Color",0,1,1,1,1,"",0],["_MainTex",4,0,0,0,0,"white",0],["_Cutoff",3,0.5,0,1,0,"",0],["_Glossiness",3,0.5,0,1,0,"",0],["_GlossMapScale",3,1,0,1,0,"",0],["_SmoothnessTextureChannel",2,0,0,0,0,"",0],["_Metallic",3,0,0,1,0,"",32],["_MetallicGlossMap",4,0,0,0,0,"white",0],["_SpecularHighlights",2,1,0,0,0,"",0],["_GlossyReflections",2,1,0,0,0,"",0],["_BumpScale",2,1,0,0,0,"",0],["_BumpMap",4,0,0,0,0,"bump",8],["_Parallax",3,0.0199999995529652,0.00499999988824129,0.0799999982118607,0,"",0],["_ParallaxMap",4,0,0,0,0,"black",0],["_OcclusionStrength",3,1,0,1,0,"",0],["_OcclusionMap",4,0,0,0,0,"white",0],["_EmissionColor",0,0,0,0,1,"",0],["_EmissionMap",4,0,0,0,0,"white",0],["_DetailMask",4,0,0,0,0,"white",0],["_DetailAlbedoMap",4,0,0,0,0,"grey",0],["_DetailNormalMapScale",2,1,0,0,0,"",0],["_DetailNormalMap",4,0,0,0,0,"bump",8],["_UVSec",2,0,0,0,0,"",0],["_Mode",2,0,0,0,0,"",1],["_SrcBlend",2,1,0,0,0,"",1],["_DstBlend",2,0,0,0,0,"",1],["_ZWrite",2,1,0,0,0,"",1]],12,66,0,0,0]}],"sprites":[{"id":1048,"path":"Resources/unity_builtin_extra\\UISprite","assetBundleId":-2,"data":["UISprite",13,1046,[0,0,0,0.08,0.08,0],[0.05,0.08,0,0.8125,1,0.08,-0.08,0,1,0,0.08,0.075,0,1,0.96875,-0.07,0.08,0,0.0625,1,-0.075,-0.08,0,0.03124997,0,-0.08,0.07,0,0,0.9375,-0.08,-0.05,0,0,0.1875],[6,5,4,3,4,5,1,4,3,0,1,3,2,1,0],-0.000835968181490898,-0.00160364620387554,0.999164044857025,0.998396337032318,0,0,1,1,0.3125,0.3125,0.3125,0.3125,[0,0,0,0],[-0.08,-0.08,0.08,0.08],200,32,32,32,32,16,16,0.0267509818077087,0.0513166785240173]}],"textures":[{"id":1022,"type":0,"path":"Resources/unity_builtin_extra\\Default-Particle","assetBundleId":-2,"data":["Default-Particle",64,64,7,1,1,0,4,0,0,1,8,0,0,0,0]},{"id":1046,"type":0,"path":"Resources/unity_builtin_extra\\UISprite","assetBundleId":-2,"data":["UISprite",32,32,6,16,1,0,4,1,1,1,8,0,0,1,1]}],"cubemaps":[{"id":36284,"type":2,"path":"Assets/Scenes/Assets/Scenes/GameScene.unity/PrefilteredEnvironment.exr","assetBundleId":-2,"data":["",-243390,8,1,128,0,2,[0,0,0.25,0.5,0,0.5,0.25,1,0.25,0,0.5,0.5,0.25,0.5,0.5,1,0.5,0,0.75,0.5,0.75,0,1,0.5,0.5,0.5,0.625,0.75,0.5,0.75,0.625,1,0.625,0.5,0.75,0.75,0.625,0.75,0.75,1,0.75,0.5,0.875,0.75,0.875,0.5,1,0.75,0.75,0.75,0.8125,0.875,0.75,0.875,0.8125,1,0.8125,0.75,0.875,0.875,0.8125,0.875,0.875,1,0.875,0.75,0.9375,0.875,0.9375,0.75,1,0.875,0.875,0.875,0.90625,0.9375,0.875,0.9375,0.90625,1,0.90625,0.875,0.9375,0.9375,0.90625,0.9375,0.9375,1,0.9375,0.875,0.96875,0.9375,0.96875,0.875,1,0.9375,0.9375,0.9375,0.953125,0.96875,0.9375,0.96875,0.953125,1,0.953125,0.9375,0.96875,0.96875,0.953125,0.96875,0.96875,1,0.96875,0.9375,0.984375,0.96875,0.984375,0.9375,1,0.96875,0.96875,0.96875,0.9765625,0.984375,0.96875,0.984375,0.9765625,1,0.9765625,0.96875,0.984375,0.984375,0.9765625,0.984375,0.984375,1,0.984375,0.96875,0.9921875,0.984375,0.9921875,0.96875,1,0.984375,0.984375,0.984375,0.98828125,0.9921875,0.984375,0.9921875,0.98828125,1,0.98828125,0.984375,0.9921875,0.9921875,0.98828125,0.9921875,0.9921875,1,0.9921875,0.984375,0.99609375,0.9921875,0.99609375,0.984375,1,0.9921875,0.9921875,0.9921875,0.994140625,0.99609375,0.9921875,0.99609375,0.994140625,1,0.994140625,0.9921875,0.99609375,0.99609375,0.994140625,0.99609375,0.99609375,1,0.99609375,0.9921875,0.998046875,0.99609375,0.998046875,0.9921875,1,0.99609375],1,1]}],"resources":[{"id":0,"assetBundleId":-2,"data":[[["unity_builtin_extra",12,62],["unity_builtin_extra",12,158],["unity_builtin_extra",13,1046],["unity_builtin_extra",6,1048],["unity_builtin_extra",12,26],["unity_builtin_extra",11,820],["unity_builtin_extra",12,166],["unity_builtin_extra",13,1022],["unity_builtin_extra",11,1024],["unity_builtin_extra",12,174],["unity_builtin_extra",12,144],["unity_builtin_extra",12,28]],[32786,32782,35640,32782,32862,32854,32868,32854,32110,32854,-240368,163366,33186,32854,32864,32854,-240376,163366,161140,163366,33184,32854,32858,32854,33178,32854,32856,32854,32112,32854,161142,163366,32192,32122,33396,32122,33398,32122,33400,32122,33402,32122,33404,32122,33406,32122,33408,32122,33410,32122,33412,32122,33414,32122,33416,32122,33418,32122,33420,32122,33422,32122,33424,32122,33426,32122,33428,32122,33430,32122,33432,32122,33434,32122,33436,32122,33438,32122,33440,32122,33442,32122,33444,32122,33446,32122,33448,32122,33450,32122,33452,32122,33454,32122,33456,32122,33458,32122,33460,32122,33462,32122,33464,32122,33466,32122,33468,32122,33470,32122,33472,32122,33474,32122,33476,32122,33478,32122,33480,32122,33482,32122,33484,32122,33486,32122,33488,32122,33490,32122,33492,32122,33494,32122,33496,32122,33498,32122,33500,32122,33502,32122,33504,32122,33506,32122,33508,32122,33510,32122,33512,32122,33514,32122,33516,32122,33518,32122,33520,32122,33522,32122,33524,32122,33526,32122,33528,32122,33530,32122,33532,32122,33534,32122,33536,32122,33538,32122,33540,32122,33542,32122,33544,32122,33546,32122,33548,32122,33550,32122,33552,32122,33554,32122,33556,32122,33558,32122,33560,32122,33562,32122,33564,32122,33566,32122,33568,32122,33570,32122,33572,32122,33574,32122,33576,32122,33578,32122,33580,32122,33582,32122,33584,32122,33586,32122,33588,32122,33590,32122,33592,32122,33594,32122,33596,32122,33598,32122,33600,32122,33602,32122,33604,32122,33606,32122,33608,32122,33610,32122,33612,32122,33614,32122,33616,32122,33618,32122,33620,32122,33622,32122,33624,32122,33626,32122,33628,32122,33630,32122,33632,32122,33634,32122,33636,32122,33638,32122,33640,32122,33642,32122,33644,32122,33646,32122,33648,32122,33650,32122,33652,32122,33654,32122,33656,32122,33658,32122,33660,32122,33662,32122,33664,32122,33666,32122,33668,32122,33670,32122,33672,32122,33674,32122,33676,32122,33678,32122,33680,32122,33682,32122,33684,32122,33686,32122,33688,32122,33690,32122,33692,32122,33694,32122,33696,32122,33698,32122,33700,32122,33702,32122,33704,32122,33706,32122,33708,32122,33710,32122,33712,32122,33714,32122,33716,32122,33718,32122,33720,32122,33722,32122,33724,32122,33726,32122,33728,32122,33730,32122,33732,32122,33734,32122,33736,32122,33738,32122,33740,32122,33742,32122,33744,32122,33746,32122,33748,32122,33750,32122,33752,32122,33754,32122,33756,32122,33758,32122,33760,32122,33762,32122,33764,32122,33766,32122,33768,32122,33770,32122,33772,32122,33774,32122,33776,32122,33778,32122,33780,32122,33782,32122,33784,32122,33786,32122,33788,32122,33790,32122,33792,32122,33794,32122,33796,32122,33798,32122,33800,32122,33802,32122,33804,32122,33806,32122,33808,32122,33810,32122,33812,32122,33814,32122,33816,32122,33818,32122,33820,32122,33822,32122,33824,32122,33826,32122,33828,32122,33830,32122,33832,32122,33834,32122,33836,32122,33838,32122,33840,32122,33842,32122,33844,32122,33846,32122,33848,32122,33850,32122,33852,32122,33854,32122,33856,32122,33858,32122,33860,32122,33862,32122,33864,32122,33866,32122,33868,32122,33870,32122,33872,32122,33874,32122,33876,32122,33878,32122,33880,32122,33882,32122,33884,32122,33886,32122,33888,32122,33890,32122,33892,32122,33894,32122,33896,32122,33898,32122,33900,32122,33902,32122,33904,32122,33906,32122,33908,32122,33910,32122,33912,32122,33914,32122,33916,32122,33918,32122,33920,32122,33922,32122,33924,32122,33926,32122,33928,32122,33930,32122,33932,32122,33934,32122,33936,32122,33938,32122,33940,32122,33942,32122,33944,32122,33946,32122,33948,32122,161986,161460,34896,32122,32594,32122,34596,32122,32338,32122,34538,32122,32680,32122,35052,32122,32688,32122,34846,32122,32400,32122,34682,32122,32612,32122,34750,32122,32598,32122,34586,32122,32388,32122,34996,32122,32232,32122,35050,32122,32658,32122,34708,32122,32502,32122,34890,32122,32190,32122,34892,32122,32498,32122,34752,32122,32390,32122,34902,32122,32372,32122,35010,32122,32652,32122,35038,32122,32446,32122,34762,32122,32462,32122,34966,32122,32318,32122,34520,32122,32416,32122,34594,32122,32274,32122,34674,32122,32560,32122,34536,32122,32578,32122,34616,32122,32546,32122,34664,32122,32254,32122,34584,32122,32590,32122,34790,32122,32398,32122,34700,32122,32196,32122,34620,32122,32380,32122,34662,32122,32284,32122,35002,32122,32548,32122,34630,32122,32290,32122,34566,32122,32454,32122,34812,32122,32206,32122,34556,32122,32726,32122,34794,32122,32730,32122,34558,32122,32198,32122,34618,32122,32634,32122,35020,32122,32362,32122,34972,32122,32312,32122,34590,32122,32356,32122,35036,32122,32282,32122,34688,32122,32624,32122,34792,32122,32714,32122,34728,32122,32244,32122,35022,32122,32294,32122,34842,32122,32476,32122,34922,32122,32466,32122,34570,32122,32426,32122,34918,32122,32684,32122,34656,32122,32346,32122,34916,32122,32342,32122,34714,32122,32482,32122,34912,32122,32510,32122,34786,32122,32588,32122,34660,32122,32236,32122,34740,32122,32280,32122,34626,32122,32420,32122,34716,32122,32366,32122,34850,32122,32586,32122,34968,32122,32350,32122,34540,32122,32386,32122,34940,32122,32310,32122,34578,32122,32204,32122,34648,32122,32554,32122,34600,32122,32414,32122,34766,32122,32536,32122,34686,32122,32234,32122,34928,32122,32710,32122,34744,32122,32474,32122,34838,32122,32628,32122,34580,32122,32562,32122,34552,32122,32258,32122,34848,32122,32732,32122,34506,32122,32178,32122,34738,32122,32228,32122,34636,32122,32238,32122,34880,32122,32180,32122,34926,32122,32188,32122,34756,32122,32360,32122,34576,32122,32486,32122,34504,32122,32314,32122,35016,32122,32702,32122,35048,32122,32512,32122,34884,32122,32472,32122,34632,32122,32662,32122,34844,32122,32618,32122,34582,32122,32636,32122,34534,32122,32424,32122,34678,32122,32696,32122,34822,32122,32300,32122,34526,32122,32644,32122,35046,32122,32668,32122,34746,32122,32240,32122,34878,32122,32332,32122,35032,32122,32706,32122,35030,32122,32352,32122,34724,32122,32324,32122,34592,32122,32564,32122,34986,32122,32500,32122,34864,32122,32470,32122,34650,32122,32354,32122,34832,32122,32292,32122,34908,32122,32210,32122,34924,32122,32506,32122,34516,32122,32176,32122,35006,32122,32698,32122,34742,32122,32404,32122,34514,32122,32480,32122,34690,32122,32412,32122,34788,32122,32504,32122,34778,32122,32374,32122,34764,32122,32418,32122,34876,32122,32440,32122,34960,32122,32638,32122,34754,32122,32642,32122,34990,32122,32692,32122,34624,32122,32220,32122,34950,32122,32654,32122,34732,32122,32378,32122,34974,32122,32222,32122,34886,32122,32276,32122,34544,32122,32720,32122,34894,32122,32704,32122,34748,32122,32620,32122,34548,32122,32182,32122,34866,32122,32724,32122,34568,32122,32516,32122,35042,32122,32392,32122,34868,32122,32580,32122,34882,32122,32340,32122,34978,32122,32532,32122,34952,32122,32514,32122,34588,32122,32408,32122,34784,32122,32452,32122,34954,32122,32326,32122,34546,32122,32650,32122,34508,32122,32200,32122,34634,32122,32674,32122,34722,32122,32630,32122,34854,32122,32518,32122,34608,32122,32436,32122,34808,32122,32566,32122,34858,32122,32530,32122,34856,32122,32246,32122,34898,32122,32402,32122,34906,32122,32270,32122,34562,32122,32226,32122,34542,32122,32432,32122,34736,32122,32670,32122,35028,32122,32194,32122,34528,32122,32604,32122,34638,32122,32410,32122,34610,32122,32208,32122,34920,32122,32434,32122,35040,32122,32574,32122,34768,32122,32252,32122,34670,32122,32216,32122,34888,32122,32368,32122,34904,32122,32278,32122,34652,32122,32306,32122,35026,32122,32610,32122,34984,32122,32540,32122,34910,32122,32508,32122,34942,32122,32478,32122,34958,32122,32656,32122,34796,32122,32600,32122,34936,32122,32682,32122,34698,32122,32394,32122,34604,32122,32576,32122,34684,32122,32296,32122,34980,32122,32584,32122,34644,32122,32262,32122,34622,32122,32660,32122,34782,32122,32528,32122,34874,32122,32552,32122,34672,32122,32664,32122,34948,32122,32322,32122,34798,32122,32712,32122,34554,32122,32430,32122,34532,32122,32334,32122,34658,32122,32734,32122,34830,32122,32686,32122,34982,32122,32260,32122,34564,32122,32542,32122,34510,32122,32608,32122,34994,32122,32396,32122,34602,32122,32448,32122,34598,32122,32184,32122,34560,32122,32218,32122,34718,32122,32666,32122,34730,32122,32406,32122,34512,32122,32718,32122,34666,32122,32522,32122,35008,32122,32538,32122,34606,32122,32572,32122,34760,32122,32556,32122,34712,32122,32428,32122,34680,32122,32172,32122,34758,32122,32286,32122,35034,32122,32640,32122,35054,32122,32384,32122,34992,32122,32582,32122,34802,32122,32570,32122,34820,32122,32690,32122,34572,32122,32422,32122,35044,32122,32328,32122,34676,32122,32214,32122,34550,32122,32358,32122,34836,32122,32722,32122,34706,32122,32376,32122,34938,32122,32456,32122,34612,32122,32496,32122,34806,32122,32224,32122,34774,32122,32592,32122,34932,32122,32534,32122,35000,32122,32268,32122,34518,32122,32442,32122,34776,32122,32288,32122,34826,32122,32716,32122,34654,32122,32558,32122,34988,32122,32614,32122,34962,32122,32694,32122,34614,32122,32646,32122,34704,32122,32242,32122,34914,32122,32490,32122,34816,32122,32568,32122,34524,32122,32298,32122,34976,32122,32186,32122,34840,32122,32550,32122,34642,32122,32460,32122,34872,32122,32484,32122,34930,32122,32256,32122,34964,32122,32492,32122,34696,32122,32626,32122,34530,32122,32382,32122,34780,32122,32602,32122,34640,32122,32370,32122,34694,32122,32438,32122,34998,32122,32344,32122,34824,32122,32308,32122,35056,32122,32648,32122,34770,32122,32622,32122,34944,32122,32616,32122,34574,32122,32468,32122,34804,32122,32320,32122,34668,32122,32708,32122,34934,32122,32544,32122,35012,32122,32444,32122,34946,32122,32464,32122,34710,32122,32202,32122,34734,32122,32364,32122,34800,32122,32632,32122,34956,32122,32212,32122,34862,32122,32266,32122,34900,32122,32336,32122,34860,32122,32272,32122,35004,32122,32316,32122,34810,32122,32728,32122,34522,32122,32450,32122,34828,32122,32248,32122,35014,32122,32458,32122,34702,32122,32348,32122,35024,32122,32700,32122,35018,32122,32520,32122,34818,32122,32672,32122,34970,32122,32606,32122,34772,32122,32230,32122,34870,32122,32302,32122,34628,32122,32494,32122,34692,32122,32330,32122,34814,32122,32264,32122,34834,32122,32304,32122,34726,32122,32488,32122,34720,32122,32524,32122,34852,32122,32526,32122,34646,32122,32676,32122,-240448,161460,-240456,161460,-240464,161460,-240472,161460,-240480,161460,-240488,161460,-240496,161460,-240504,161460,-240512,161460,-240520,161460,-240528,161460,-240536,161460,-240544,161460,-240552,161460,-240560,161460,-240568,161460,-240576,161460,-240584,161460,-240592,161460,-240600,161460,-240608,161460,-240616,161460,-240624,161460,-240632,161460,-240640,161460,-240648,161460,-240656,161460,-240664,161460,-240672,161460,-240680,161460,-240688,161460,-240696,161460,-240704,161460,-240712,161460,-240720,161460,-240728,161460,-240736,161460,-240744,161460,-240752,161460,-240760,161460,-240768,161460,-240776,161460,-240784,161460,-240792,161460,-240800,161460,-240808,161460,-240816,161460,-240824,161460,-240832,161460,-240840,161460,-240848,161460,-240856,161460,-240864,161460,-240872,161460,-240880,161460,-240888,161460,-240896,161460,-240904,161460,-240912,161460,-240920,161460,-240928,161460,-240936,161460,-240944,161460,-240952,161460,-240960,161460,-240968,161460,-240976,161460,-240984,161460,-240992,161460,-241000,161460,-241008,161460,-241016,161460,-241024,161460,-241032,161460,-241040,161460,-241048,161460,-241056,161460,-241064,161460,-241072,161460,-241080,161460,-241088,161460,-241096,161460,-241104,161460,-241112,161460,-241120,161460,-241128,161460,-241136,161460,-241144,161460,-241152,161460,-241160,161460,-241168,161460,-241176,161460,-241184,161460,-241192,161460,-241200,161460,-241208,161460,-241216,161460,-241224,161460,-241232,161460,-241240,161460,-241248,161460,-241256,161460,-241264,161460,-241272,161460,-241280,161460,-241288,161460,-241296,161460,-241304,161460,-241312,161460,-241320,161460,-241328,161460,-241336,161460,-241344,161460,-241352,161460,-241360,161460,-241368,161460,-241376,161460,-241384,161460,-241392,161460,-241400,161460,-241408,161460,-241416,161460,-241424,161460,-241432,161460,-241440,161460,-241448,161460,-241456,161460,-241464,161460,-241472,161460,-241480,161460,-241488,161460,-241496,161460,-241504,161460,-241512,161460,-241520,161460,-241528,161460,-241536,161460,-241544,161460,-241552,161460,-241560,161460,-241568,161460,-241576,161460,-241584,161460,-241592,161460,-241600,161460,-241608,161460,-241616,161460,-241624,161460,-241632,161460,-241640,161460,-241648,161460,-241656,161460,-241664,161460,-241672,161460,-241680,161460,-241688,161460,-241696,161460,-241704,161460,-241712,161460,-241720,161460,-241728,161460,-241736,161460,-241744,161460,-241752,161460,-241760,161460,-241768,161460,-241776,161460,-241784,161460,-241792,161460,-241800,161460,-241808,161460,-241816,161460,-241824,161460,-241832,161460,-241840,161460,-241848,161460,-241856,161460,-241864,161460,-241872,161460,-241880,161460,-241888,161460,-241896,161460,-241904,161460,-241912,161460,-241920,161460,-241928,161460,-241936,161460,-241944,161460,-241952,161460,-241960,161460,-241968,161460,-241976,161460,-241984,161460,-241992,161460,-242000,161460,-242008,161460,-242016,161460,-242024,161460,-242032,161460,-242040,161460,-242048,161460,-242056,161460,-242064,161460,-242072,161460,-242080,161460,-242088,161460,-242096,161460,-242104,161460,-242112,161460,-242120,161460,-242128,161460,-242136,161460,-242144,161460,-242152,161460,-242160,161460,-242168,161460,-242176,161460,-242184,161460,-242192,161460,-242200,161460,-242208,161460,-242216,161460,-242224,161460,-242232,161460,-242240,161460,-242248,161460,-242256,161460,-242264,161460,-242272,161460,-242280,161460,-242288,161460,-242296,161460,-242304,161460,-242312,161460,-242320,161460,-242328,161460,-242336,161460,-242344,161460,-242352,161460,-242360,161460,-242368,161460,-242376,161460,-242384,161460,-242392,161460,-242400,161460,-242408,161460,-242416,161460,-242424,161460,-242432,161460,-242440,161460,-242448,161460,-242456,161460,-242464,161460,-242472,161460,-242480,161460,-242488,161460,-242496,161460,-242504,161460,-242512,161460,-242520,161460,-242528,161460,-242536,161460,-242544,161460,-242552,161460,-242560,161460,-242568,161460,-242576,161460,-242584,161460,-242592,161460,-242600,161460,-242608,161460,-242616,161460,-242624,161460,-242632,161460,-242640,161460,-242648,161460,-242656,161460,32082,32080,33268,32080,33270,32080,33272,32080,33274,32080,33276,32080,161002,161460,32746,32080,32758,32080,32756,32080,32768,32080,32750,32080,32762,32080,32748,32080,32760,32080,32752,32080,32764,32080,-242708,161460,-242716,161460,-242724,161460,-242732,161460,-242740,161460,32754,32080,32766,32080,36776,36768,36778,36768,36780,36768,32986,33038,32892,32114,33100,33038,33106,33038,33098,33038,32994,32114,33050,32114,32954,32114,32952,32114,32956,32114,87880,87874,114370,69464,114386,69474,114378,69464,114394,69464,114384,69464,114398,69464,114426,69464,114376,69464,114380,69464,114382,69464,161846,161460,114406,69464,114408,69464,-242808,161460,114430,69464,114432,69464,-242816,161460,114402,69464,114404,69464,114414,69464,114416,69464,114418,69464,114420,69464,-242840,161460,114428,69464,-242848,161460,114410,69464,-242850,161460,114412,69464,-242800,161460,-242824,161460,-242832,161460,114372,69464,114374,69464,161844,161460,32920,32808,32960,32808,32962,32808,32964,32808,32966,32808,32968,32808,32970,32808,33022,33082,33090,33082,33094,33082,32974,32810,33140,33082,33144,33082,33142,33082,33146,33082,33028,32810,33030,32810,32934,32810,33130,33082,33132,33082,33114,33082,37054,33076,37060,33076,37062,33076,33016,33076,32830,32828,32980,32828,32978,32828,33112,33076,33110,33076,32976,32810,162130,163366,32842,32138,32846,32138,162868,161426,33378,32138,32844,32138,32150,32148,33386,32148,161766,161426,33392,32148,32154,32148,-240178,161426,33384,32148,32152,32148,32880,32882,33172,32882,33174,32882,33150,32084,32086,32084,33148,32084,33152,32084,-240078,161426,-242666,161426,-240094,161426,-240258,161426,-240126,161426,-240242,161426,-240402,161426,-240070,161426,-240218,161426,-240300,161426,-240234,161426,-240102,161426,-240348,161426,-242682,161426,-240086,161426,-240118,161426,-242962,161426,-240426,161426,-242766,161426,-242674,161426,-242890,161426,-240410,161426,-242866,161426,-242790,161426,-240324,161426,-242898,161426,-240062,161426,-242882,161426,-242874,161426,-240166,161426,-242696,161426,-240292,161426,-240316,161426,-242970,161426,-242922,161426,-240308,161426,-240210,161426,-240250,161426,-240134,161426,-240142,161426,-242906,161426,-240356,161426,-240196,161426,-240188,161426,-242914,161426,-242858,161426,-240226,161426,32804,32812,33348,32812,162324,161426,32816,32812,32820,32812,-242756,161426,32814,32812,32818,32812,33346,32812,33300,32116,32852,32116,33296,32116,33292,32116,33288,32116,32118,32116,-240278,161426,33306,32116,33308,32116,-240282,161426,-240274,161426,-240270,161426,-240266,161426,161358,161426,163256,161426,163228,161426,161714,161426,161478,161426,162574,161426,163088,161426,162738,161426,161554,161426,162630,161426,161596,161426,162298,161426,163352,161426,161006,161426,162642,161426,161400,161426,161578,161426,162318,161426,161146,161426,161120,161426,161888,161426,161350,161426,162242,161426,162582,161426,161570,161426,161866,161426,161632,161426,161314,161426,161628,161426,161884,161426,162064,161426,161584,161426,162412,161426,161432,161426,162322,161426,161278,161426,163086,161426,161946,161426,161346,161426,163316,161426,162020,161426,162402,161426,162736,161426,162184,161426,161840,161426,161060,161426,162756,161426,162328,161426,161396,161426,32802,32836,32838,32836,33156,32836,162172,161426,33164,32836,33166,32836,33162,32836,-242946,161426,-242954,161426,32092,32090,33234,32090,33236,32090,161902,161426,33242,32090,32872,32090,33244,32090,-242774,161426,-242782,161426,161664,161426,-240046,161426,-240054,161426,163090,161426,-240150,161426,-240158,161426,32100,32098,33200,32098,33202,32098,162422,161426,33210,32098,32102,32098,33208,32098,-240434,161426,-240442,161426,163000,161426,-242930,161426,-242938,161426,163274,161426,-240332,161426,-240340,161426,32740,32738,33216,32738,33218,32738,162900,161426,33226,32738,33228,32738,33224,32738,-240386,161426,-240394,161426,32774,32776,33352,32776,33354,32776,-240416,161426,162470,161426]]}],"project-settings":[{"id":-1,"assetBundleId":-2,"data":[[["UnityEngine.EventSystems.EventSystem",-1000],["UnityEngine.UI.ToggleGroup",10],["Cinemachine.CinemachinePixelPerfect",-1],["Cinemachine.CinemachineIndependentImpulseListener",200],["Cinemachine.CinemachineBrain",100],["UnityEngine.Rendering.Universal.CinemachineUniversalPixelPerfect",-1]],[[0,"Default",0]],[[0,"Default"],[1,"TransparentFX"],[2,"Ignore Raycast"],[4,"Water"],[5,"UI"],[6,"Outline"],[7,"OutlineLayer"]],[0.0199999995529652,0.333333343267441,1,0.0299999993294477],[0,-9.8100004196167,0,6,2,0,1,[[0,0,0],[0,0,1],[0,0,2],[0,0,4],[0,0,5],[0,0,6],[0,0,7],[0,1,0],[0,1,1],[0,1,2],[0,1,4],[0,1,5],[0,1,6],[0,1,7],[0,2,0],[0,2,1],[0,2,2],[0,2,4],[0,2,5],[0,2,6],[0,2,7],[0,4,0],[0,4,1],[0,4,2],[0,4,4],[0,4,5],[0,4,6],[0,4,7],[0,5,0],[0,5,1],[0,5,2],[0,5,4],[0,5,5],[0,5,6],[0,5,7],[0,6,0],[0,6,1],[0,6,2],[0,6,4],[0,6,5],[0,6,6],[0,6,7],[0,7,0],[0,7,1],[0,7,2],[0,7,4],[0,7,5],[0,7,6],[0,7,7]]],[null,null,0,-9.8100004196167,3,8,1,0.200000002980232,8,100,360,0.200000002980232,0.75,0.5,0.00999999977648258,2,0.00999999977648258,1,1,1,1,1,0,[[0,0,0],[0,0,1],[0,0,2],[0,0,4],[0,0,5],[0,0,6],[0,0,7],[0,1,0],[0,1,1],[0,1,2],[0,1,4],[0,1,5],[0,1,6],[0,1,7],[0,2,0],[0,2,1],[0,2,2],[0,2,4],[0,2,5],[0,2,6],[0,2,7],[0,4,0],[0,4,1],[0,4,2],[0,4,4],[0,4,5],[0,4,6],[0,4,7],[0,5,0],[0,5,1],[0,5,2],[0,5,4],[0,5,5],[0,5,6],[0,5,7],[0,6,0],[0,6,1],[0,6,2],[0,6,4],[0,6,5],[0,6,6],[0,6,7],[0,7,0],[0,7,1],[0,7,2],[0,7,4],[0,7,5],[0,7,6],[0,7,7]]],[[[[],["Very Low","Low","Medium","High","Very High","Ultra"],0,0,0,0.300000011920929,1,15,0,1,0,0,0,0,0,1,2,4,0,0,0.333333343267441,0.0666666701436043,0.200000002980232,0.466666668653488,0,0,16,2,0,3,512,0,1,2,512,1,1024,0],[[],["Very Low","Low","Medium","High","Very High","Ultra"],0,0,0,0.400000005960464,1,20,0,1,0,0,0,0,0,0,2,16,0,0,0.333333343267441,0.0666666701436043,0.200000002980232,0.466666668653488,0,0,16,2,0,3,512,0,1,2,512,1,1024,1],[[],["Very Low","Low","Medium","High","Very High","Ultra"],1,1,0,0.699999988079071,1,20,0,1,0,0,0,0,0,0,2,64,1,0,0.333333343267441,0.0666666701436043,0.200000002980232,0.466666668653488,0,1,16,2,0,3,512,0,1,2,512,1,1024,2],[[],["Very Low","Low","Medium","High","Very High","Ultra"],2,1,0,1,2,40,1,1,1,0,1,0,0,0,2,256,2,1,0.333333343267441,0.0666666701436043,0.200000002980232,0.466666668653488,0,1,16,2,1,3,512,0,1,2,512,1,1024,3],[[],["Very Low","Low","Medium","High","Very High","Ultra"],2,2,2,1.5,2,70,1,1,2,1,1,0,0,0,2,1024,3,1,0.333333343267441,0.0666666701436043,0.200000002980232,0.466666668653488,0,1,16,2,1,3,512,0,1,2,512,1,1024,4],[[],["Very Low","Low","Medium","High","Very High","Ultra"],2,2,2,2,4,150,1,1,2,1,1,0,0,0,2,4096,4,1,0.333333343267441,0.0666666701436043,0.200000002980232,0.466666668653488,0,1,16,2,1,3,512,0,1,2,512,1,1024,5]],["Very Low","Low","Medium","High","Very High","Ultra"],2,2,2,2,4,150,1,1,2,1,1,0,0,0,2,4096,4,1,0.333333343267441,0.0666666701436043,0.200000002980232,0.466666668653488,0,1,16,2,1,3,512,0,1,2,512,1,1024,5],0,0,0,2,0,["Untagged","Respawn","Finish","EditorOnly","MainCamera","Player","GameController","Tank","Tree","Ground"]]}]}